,MOY,new_hat,HolidayTomorrow,WeekendTomorrow,picnic,is_sick,Temp,Temp_NextForecast,Prec_NextForecast,Precipitation,hat,naive_prediction,hat_next,pred,actual,pred_q
15529,7,0,0,0,0,1,43,43.0,0.6,1.52,0,0,0.0,0.0023380168713629246,0.0,0
15530,7,1,0,0,0,1,43,47.0,1.3,2.13,0,0,0.0,0.0029232848901301622,0.0,0
15531,7,0,0,0,0,1,47,56.0,0.0,1.21,0,0,0.0,0.10438665002584457,0.0,0
15532,7,0,0,0,0,1,53,55.0,0.0,0.44,0,0,0.0,0.3470084071159363,0.0,0
15533,7,0,0,0,0,1,59,51.0,0.0,0.0,0,0,1.0,0.3972541093826294,1.0,0
15534,7,0,0,1,0,0,53,50.0,0.0,2.44,1,0,1.0,0.4847126305103302,1.0,0
15535,7,0,0,1,1,0,49,54.0,0.0,0.0,1,0,0.0,0.36366385221481323,0.0,0
15536,7,0,0,0,0,0,55,54.0,0.5,0.04,0,1,1.0,0.8322430849075317,1.0,1
15537,7,0,0,0,0,0,55,44.0,0.8,0.51,1,1,1.0,0.9796432852745056,1.0,1
15538,7,0,0,0,0,0,49,19.0,0.0,0.59,1,1,1.0,0.9853076934814453,1.0,1
15539,7,0,0,0,0,0,21,26.0,0.1,0.0,1,1,1.0,0.977186918258667,1.0,1
15540,7,0,0,0,0,0,26,19.0,0.6,0.1,1,1,1.0,0.9894967675209045,1.0,1
15541,7,0,0,1,0,0,17,21.0,0.2,0.55,1,0,0.0,3.6893387004965916e-05,0.0,0
15542,7,0,0,1,0,0,22,30.0,0.0,0.14,0,0,0.0,0.005443205125629902,0.0,0
15543,7,0,0,0,0,0,27,26.0,0.0,0.05,0,1,1.0,0.9023939967155457,1.0,1
15544,7,0,0,0,0,0,29,37.0,0.5,0.0,1,1,1.0,0.9839267730712891,1.0,1
15545,7,0,0,0,0,0,37,34.0,0.2,0.55,1,1,1.0,0.9790406227111816,1.0,1
15546,7,0,0,0,0,0,31,39.0,1.0,0.25,1,1,1.0,0.9802636504173279,1.0,1
15547,7,0,0,0,0,0,37,38.0,0.6,0.78,1,1,1.0,0.9668405055999756,1.0,1
15548,7,0,0,1,0,0,37,68.0,0.6,0.78,1,0,0.0,0.4268210232257843,0.0,0
15549,7,0,0,1,1,0,64,72.0,2.2,0.62,0,0,1.0,0.7395936846733093,1.0,1
15550,8,0,0,0,1,0,76,66.0,1.4,2.1,1,1,1.0,0.9471621513366699,1.0,1
15551,8,0,0,0,0,0,61,59.0,2.0,1.53,1,1,1.0,0.9928838014602661,1.0,1
15552,8,0,0,0,0,0,60,73.0,0.2,1.93,1,0,0.0,0.41918912529945374,0.0,0
15553,8,0,0,0,0,0,78,70.0,0.0,0.13,0,0,1.0,0.2613346576690674,1.0,0
15554,8,0,0,0,0,0,75,66.0,1.6,1.86,1,1,0.0,0.9526626467704773,0.0,1
15555,8,0,0,1,0,0,67,57.0,4.2,0.78,0,0,0.0,0.0013798900181427598,0.0,0
15556,8,0,0,1,0,0,55,52.0,2.7,4.47,0,0,0.0,0.00023224973119795322,0.0,0
15557,8,0,0,0,0,0,56,66.0,0.5,2.87,0,1,1.0,0.7814090847969055,1.0,1
15558,8,0,0,0,0,0,67,74.0,1.9,0.37,1,1,1.0,0.9717233180999756,1.0,1
15559,8,0,0,0,0,0,70,73.0,0.8,1.2,1,1,1.0,0.7897352576255798,1.0,1
15560,8,0,0,0,0,0,74,56.0,3.7,1.87,1,1,1.0,0.9938891530036926,1.0,1
15561,8,0,0,0,0,0,54,42.0,1.1,3.77,1,1,1.0,0.9786326885223389,1.0,1
15562,8,0,0,1,0,0,42,48.0,1.2,1.03,1,0,1.0,0.5621057748794556,1.0,1
15563,8,0,0,1,1,0,45,49.0,1.6,1.11,1,0,1.0,0.7590526938438416,1.0,1
15564,8,0,0,0,1,0,48,46.0,2.1,1.57,1,1,1.0,0.9865366220474243,1.0,1
15565,8,0,0,0,0,0,49,56.0,3.1,2.11,1,1,1.0,0.9988657236099243,1.0,1
15566,8,0,0,0,0,0,54,70.0,1.9,3.34,1,1,1.0,0.9899152517318726,1.0,1
15567,8,0,0,0,0,0,73,80.0,0.4,1.94,1,1,0.0,0.2934747040271759,0.0,0
15568,8,0,0,0,0,0,74,81.0,0.0,0.36,0,0,1.0,0.19456778466701508,1.0,0
15569,8,1,0,1,0,0,75,81.0,1.9,3.32,1,0,0.0,0.13480791449546814,0.0,0
15570,8,0,0,1,0,0,74,68.0,0.3,2.11,0,0,0.0,0.00012462459562812,0.0,0
15571,8,0,0,0,0,0,73,25.0,0.7,0.28,0,1,1.0,0.955112099647522,1.0,1
15572,8,0,0,0,0,0,26,26.0,0.2,0.79,1,1,1.0,0.9865633845329285,1.0,1
15573,8,0,0,0,0,0,26,20.0,0.6,0.26,1,1,1.0,0.998381495475769,1.0,1
15574,8,0,0,0,0,0,20,24.0,0.5,0.87,1,1,1.0,0.9981815814971924,1.0,1
15575,8,0,0,0,0,0,26,26.0,0.4,0.57,1,1,1.0,0.9797468185424805,1.0,1
15576,8,0,0,1,0,0,26,28.0,0.1,0.34,1,0,1.0,0.484907329082489,1.0,0
15577,8,0,0,1,1,0,28,29.0,0.1,0.15,1,0,1.0,0.6347628831863403,1.0,1
15578,8,0,0,0,1,0,29,26.0,0.4,0.1,1,1,1.0,0.9760445356369019,1.0,1
15579,8,0,0,0,0,0,24,33.0,0.1,0.52,1,1,1.0,0.991628885269165,1.0,1
15580,8,0,0,0,0,0,31,32.0,0.3,0.08,1,1,1.0,0.9897791743278503,1.0,1
15581,9,0,0,0,0,0,34,31.0,1.6,1.1,1,1,1.0,0.993488073348999,1.0,1
15582,9,0,0,0,0,0,28,32.0,0.4,0.76,1,1,1.0,0.9764305353164673,1.0,1
15583,9,0,0,1,0,0,30,26.0,0.8,0.29,1,0,0.0,0.0014125610468909144,0.0,0
15584,9,0,1,1,0,0,26,22.0,0.1,0.71,0,0,0.0,6.955606750125298e-06,0.0,0
15585,9,0,0,0,0,1,22,26.0,0.1,0.07,0,1,0.0,0.07127751410007477,0.0,0
15586,9,0,0,0,0,1,25,21.0,0.4,0.05,0,0,0.0,0.004669471178203821,0.0,0
15587,9,0,0,0,0,1,21,20.0,0.1,0.3,0,0,0.0,0.003976171370595694,0.0,0
15588,9,0,0,0,0,1,22,21.0,0.3,0.08,0,0,0.0,0.0010272478684782982,0.0,0
15589,9,0,0,0,0,1,21,23.0,0.0,0.26,0,0,0.0,0.009306754916906357,0.0,0
15590,9,0,0,1,0,1,26,30.0,0.0,0.03,0,0,0.0,0.22508837282657623,0.0,0
15591,9,0,0,1,0,1,28,21.0,0.1,0.0,0,0,0.0,0.391482949256897,0.0,0
15592,9,0,0,0,0,1,22,31.0,0.0,0.09,0,0,0.0,0.5504626035690308,0.0,1
15593,9,0,0,0,0,1,29,28.0,0.1,0.0,0,0,1.0,0.4814746379852295,1.0,0
15594,9,0,0,0,0,0,29,32.0,0.0,0.05,1,0,1.0,0.8963708877563477,1.0,1
15595,9,0,0,0,0,0,31,32.0,0.5,0.0,1,1,1.0,0.9740847945213318,1.0,1
15596,9,0,0,0,0,0,31,37.0,0.8,0.73,1,1,1.0,0.9816111922264099,1.0,1
15597,9,0,0,1,0,0,36,31.0,1.5,0.75,1,0,0.0,0.5369666218757629,0.0,1
15598,9,0,0,1,0,0,34,32.0,1.2,1.36,0,0,0.0,0.23708172142505646,0.0,0
15599,9,0,0,0,0,0,35,36.0,1.0,1.24,0,1,1.0,0.9786611199378967,1.0,1
15600,9,0,0,0,0,0,35,56.0,0.9,0.92,1,1,1.0,0.9644063115119934,1.0,1
15601,9,0,0,0,0,0,51,55.0,1.1,0.97,1,1,1.0,0.9714263081550598,1.0,1
15602,9,0,0,0,0,0,52,52.0,2.5,1.07,1,1,1.0,0.9927871227264404,1.0,1
15603,9,0,0,0,0,0,54,45.0,1.2,2.31,1,1,0.0,0.9599562287330627,0.0,1
15604,9,0,0,1,0,0,47,48.0,0.0,0.43,0,0,0.0,0.030953090637922287,0.0,0
15605,9,0,0,1,0,0,52,20.0,0.0,1.87,0,0,0.0,0.14716465771198273,0.0,0
15606,9,0,0,0,0,0,22,13.0,0.0,0.1,0,1,1.0,0.9485832452774048,1.0,1
15607,9,0,0,0,0,0,14,24.0,0.1,0.02,1,1,1.0,0.9761934876441956,1.0,1
15608,9,0,0,0,0,0,26,36.0,2.9,0.19,1,1,1.0,0.9954596161842346,1.0,1
15609,9,0,0,0,0,0,37,37.0,1.7,1.08,1,1,1.0,0.9908089637756348,1.0,1
15610,9,0,0,0,0,0,37,35.0,0.8,1.45,1,1,1.0,0.9703633189201355,1.0,1
15611,10,0,0,1,0,0,33,29.0,0.4,0.24,1,0,0.0,0.1901284009218216,0.0,0
15612,10,0,0,1,0,0,30,27.0,0.2,0.29,0,0,0.0,0.07240134477615356,0.0,0
15613,10,0,0,0,0,0,28,26.0,0.2,0.33,0,1,1.0,0.9109560251235962,1.0,1
15614,10,0,0,0,0,0,27,29.0,0.5,0.19,1,1,1.0,0.9711905717849731,1.0,1
15615,10,0,0,0,0,0,31,32.0,0.8,0.84,1,1,1.0,0.9859893321990967,1.0,1
15616,10,0,0,0,0,0,29,27.0,1.0,0.63,1,1,1.0,0.9907239675521851,1.0,1
15617,10,0,0,0,0,0,28,27.0,0.7,1.03,1,1,1.0,0.9704117774963379,1.0,1
15618,10,0,0,1,0,0,26,30.0,0.7,0.69,1,0,0.0,0.10886228829622269,0.0,0
15619,10,0,1,1,0,0,29,18.0,0.7,0.64,0,0,0.0,0.012931149452924728,0.0,0
15620,10,0,0,0,0,0,19,32.0,0.9,0.57,0,1,1.0,0.9469953775405884,1.0,1
15621,10,0,0,0,0,0,31,26.0,0.3,0.76,1,1,1.0,0.9852416515350342,1.0,1
15622,10,0,0,0,0,0,25,17.0,0.5,0.42,1,1,1.0,0.9930091500282288,1.0,1
15623,10,0,0,0,0,0,17,13.0,0.8,0.6,1,1,1.0,0.9922195076942444,1.0,1
15624,10,0,0,0,0,0,13,19.0,0.6,0.59,1,1,1.0,0.9746123552322388,1.0,1
15625,10,0,0,1,0,0,20,17.0,0.9,0.49,1,0,0.0,0.020318567752838135,0.0,0
15626,10,0,0,1,0,0,17,16.0,0.2,0.63,0,0,0.0,0.01592363603413105,0.0,0
15627,10,1,0,0,0,0,16,41.0,0.5,0.3,0,1,1.0,0.9739620089530945,1.0,1
15628,10,0,0,0,0,0,42,41.0,2.5,0.46,1,1,1.0,0.9982908368110657,1.0,1
15629,10,0,0,0,0,0,42,58.0,0.0,0.95,1,1,1.0,0.39431795477867126,1.0,0
15630,10,0,0,0,0,0,53,51.0,0.6,1.57,1,1,1.0,0.9164245128631592,1.0,1
15631,10,0,0,0,0,0,49,51.0,2.0,0.67,1,1,1.0,0.9860306978225708,1.0,1
15632,10,0,0,1,0,0,47,47.0,0.8,2.21,1,0,0.0,0.14946825802326202,0.0,0
15633,10,0,0,1,0,0,47,41.0,1.1,0.73,0,0,0.0,0.07970069348812103,0.0,0
15634,10,0,0,0,0,0,40,31.0,1.1,1.25,0,1,1.0,0.9750427603721619,1.0,1
15635,10,0,0,0,0,0,33,31.0,0.2,1.07,1,1,1.0,0.978064775466919,1.0,1
15636,10,0,0,0,0,0,30,27.0,0.0,0.1,1,1,1.0,0.97206711769104,1.0,1
15637,10,0,0,0,0,0,29,29.0,0.0,0.07,1,1,1.0,0.9608715772628784,1.0,1
15638,10,0,0,0,0,0,30,34.0,0.1,0.03,1,1,1.0,0.8623678684234619,1.0,1
15639,10,0,0,1,0,0,31,27.0,0.0,0.09,1,0,0.0,0.14228907227516174,0.0,0
15640,10,0,0,1,0,0,27,30.0,0.0,0.0,0,0,0.0,0.06264632195234299,0.0,0
15641,10,0,0,0,0,0,33,12.0,0.2,0.01,0,1,1.0,0.959877073764801,1.0,1
15642,11,0,0,0,0,0,11,10.0,0.0,0.28,1,1,1.0,0.9921251535415649,1.0,1
15643,11,0,0,0,0,0,9,-3.0,0.0,0.02,1,1,1.0,0.9960312843322754,1.0,1
15644,11,0,0,0,0,0,-3,11.0,0.0,0.04,1,1,1.0,0.9843600988388062,1.0,1
15645,11,0,0,0,0,0,12,1.0,0.3,0.03,1,1,1.0,0.9820556640625,1.0,1
15646,11,0,0,1,0,0,1,1.0,0.1,0.21,1,0,0.0,0.15872417390346527,0.0,0
15647,11,0,0,1,0,0,1,0.0,0.3,0.09,0,0,0.0,0.027089044451713562,0.0,0
15648,11,0,0,0,0,0,0,10.0,0.3,0.22,0,1,1.0,0.97862708568573,1.0,1
15649,11,1,0,0,0,0,10,11.0,0.7,0.19,1,1,1.0,0.9994692206382751,1.0,1
15650,11,0,0,0,0,0,12,6.0,0.0,0.7,1,1,1.0,0.9961709976196289,1.0,1
15651,11,0,1,0,0,0,6,18.0,0.4,0.01,1,1,0.0,0.15729257464408875,0.0,0
15652,11,0,0,0,0,0,18,20.0,0.0,0.3,0,1,1.0,0.8311746120452881,1.0,1
15653,11,0,0,1,0,0,21,24.0,0.0,0.02,1,0,0.0,0.1462523490190506,0.0,0
15654,11,0,0,1,0,0,24,20.0,0.1,0.0,0,0,0.0,0.019109932705760002,0.0,0
15655,11,0,0,0,0,0,19,24.0,0.0,0.09,0,1,1.0,0.9196589589118958,1.0,1
15656,11,0,0,0,0,0,22,25.0,0.0,0.01,1,1,1.0,0.9712766408920288,1.0,1
15657,11,0,0,0,0,0,24,19.0,0.1,0.04,1,1,1.0,0.9920152425765991,1.0,1
15658,11,0,0,0,0,0,18,18.0,0.0,0.07,1,1,1.0,0.9841932058334351,1.0,1
15659,11,0,0,0,0,0,17,13.0,0.2,0.03,1,1,1.0,0.9839127659797668,1.0,1
15660,11,0,0,1,0,0,13,24.0,0.2,0.19,1,0,0.0,0.08913631737232208,0.0,0
15661,11,0,0,1,0,0,27,30.0,0.3,0.15,0,0,0.0,0.06599346548318863,0.0,0
15662,11,0,0,0,0,0,28,51.0,0.0,0.53,0,1,1.0,0.6093156337738037,1.0,1
15663,11,0,0,0,0,0,49,48.0,0.0,0.0,1,1,0.0,0.800710916519165,0.0,1
15664,11,0,1,0,0,0,44,41.0,0.3,0.0,0,1,0.0,0.16213536262512207,0.0,0
15665,11,0,0,0,0,0,40,30.0,0.7,0.39,0,1,1.0,0.9169682264328003,1.0,1
15666,11,0,0,0,0,0,29,25.0,0.6,0.91,1,1,1.0,0.9767815470695496,1.0,1
15667,11,0,0,1,0,0,27,7.0,0.0,0.32,1,0,0.0,0.12076295167207718,0.0,0
15668,11,0,0,1,0,0,7,34.0,0.7,1.32,0,0,0.0,0.039454683661460876,0.0,0
15669,11,0,0,0,0,0,37,38.0,0.7,1.08,0,1,0.0,0.9524381756782532,0.0,1
15670,11,0,0,0,0,1,37,35.0,0.0,0.66,0,1,0.0,0.008348677307367325,0.0,0
15671,11,0,0,0,0,1,38,34.0,0.0,0.0,0,0,0.0,0.003869361476972699,0.0,0
15672,12,0,0,0,0,1,34,42.0,0.0,0.0,0,0,0.0,0.0015718574868515134,0.0,0
15673,12,0,0,0,0,1,39,29.0,0.3,0.0,0,0,0.0,0.0023507163859903812,0.0,0
15674,12,0,0,1,0,1,30,28.0,2.7,0.28,0,0,0.0,0.0005382179515436292,0.0,0
15675,12,1,0,1,0,1,26,32.0,0.8,1.01,0,0,0.0,0.0011700779432430863,0.0,0
15676,12,0,0,0,0,1,32,28.0,0.1,0.77,0,0,1.0,0.42665553092956543,1.0,0
15677,12,0,0,0,0,0,29,35.0,0.6,0.12,1,0,1.0,0.9483119249343872,1.0,1
15678,12,0,0,0,0,0,35,37.0,0.6,0.52,1,1,1.0,0.9861491918563843,1.0,1
15679,12,0,0,0,0,0,39,32.0,0.9,0.62,1,1,1.0,0.9906022548675537,1.0,1
15680,12,0,0,0,0,0,31,29.0,0.6,0.86,1,1,1.0,0.9877334237098694,1.0,1
15681,12,0,0,1,0,0,29,34.0,0.7,0.61,1,0,0.0,0.13198363780975342,0.0,0
15682,12,0,0,1,0,0,38,45.0,1.8,0.74,0,0,0.0,0.13808733224868774,0.0,0
15683,12,0,0,0,0,0,49,43.0,0.9,1.7,0,1,1.0,0.9437664151191711,1.0,1
15684,12,0,0,0,0,0,41,37.0,0.8,1.04,1,1,1.0,0.9808530211448669,1.0,1
15685,12,0,0,0,0,0,39,38.0,0.8,0.82,1,1,1.0,0.9899832606315613,1.0,1
15686,12,0,0,0,0,0,39,44.0,0.9,0.77,1,1,1.0,0.9761728048324585,1.0,1
15687,12,0,0,0,0,0,41,46.0,2.1,0.97,1,1,1.0,0.9830843210220337,1.0,1
15688,12,0,0,1,0,0,47,2.0,0.9,2.16,1,0,0.0,0.06567544490098953,0.0,0
15689,12,0,0,1,0,0,2,-1.0,0.1,0.52,0,0,0.0,0.02007324807345867,0.0,0
15690,12,0,0,0,0,0,-1,13.0,0.5,0.05,0,1,1.0,0.9758250713348389,1.0,1
15691,12,0,0,0,0,0,12,10.0,0.7,0.35,1,1,1.0,0.9963181614875793,1.0,1
15692,12,0,0,0,0,0,10,0.0,0.4,0.78,1,1,1.0,0.9973287582397461,1.0,1
15693,12,0,0,0,0,0,0,33.0,1.7,0.33,1,1,1.0,0.9955487251281738,1.0,1
15694,12,0,0,0,0,0,30,30.0,0.8,0.94,1,1,1.0,0.9615602493286133,1.0,1
15695,12,0,0,1,0,0,31,30.0,0.7,0.77,1,0,0.0,0.18391656875610352,0.0,0
15696,12,0,1,1,0,0,31,30.0,0.7,0.69,0,0,0.0,0.013661466538906097,0.0,0
15697,12,0,0,0,0,0,29,25.0,1.0,0.71,0,1,1.0,0.9429946541786194,1.0,1
15698,12,0,0,0,0,0,27,30.0,1.1,1.11,1,1,1.0,0.9943221211433411,1.0,1
15699,12,0,0,0,0,0,28,29.0,1.1,1.22,1,1,1.0,0.9951769113540649,1.0,1
15700,12,0,0,0,0,0,29,34.0,0.0,1.09,1,1,1.0,0.8563345670700073,1.0,1
15701,12,0,0,0,0,0,33,34.0,0.0,0.0,1,1,1.0,0.7895841002464294,1.0,1
15702,12,0,0,1,0,0,37,31.0,0.0,0.0,1,0,0.0,0.02768155373632908,0.0,0
15703,1,0,1,1,0,0,33,33.0,0.0,0.0,0,0,0.0,8.973306830739602e-05,0.0,0
15704,1,0,0,0,0,0,36,40.0,0.0,0.0,0,1,1.0,0.9116705656051636,1.0,1
15705,1,0,0,0,0,0,40,22.0,0.0,3.58,1,1,1.0,0.9943556785583496,1.0,1
15706,1,0,0,0,0,0,22,38.0,4.8,0.47,1,1,1.0,0.99994295835495,1.0,1
15707,1,0,0,0,0,0,38,42.0,2.6,2.22,1,1,1.0,0.9997370839118958,1.0,1
15708,1,0,0,0,0,0,39,22.0,0.7,0.86,1,1,1.0,0.9806351065635681,1.0,1
15709,1,1,0,1,0,0,22,38.0,3.1,0.54,1,0,0.0,0.05294007062911987,0.0,0
15710,1,0,0,1,0,0,36,24.0,0.0,1.75,0,0,0.0,0.007589711807668209,0.0,0
15711,1,0,0,0,0,0,24,38.0,0.0,0.51,0,1,1.0,0.9359278082847595,1.0,1
15712,1,0,0,0,0,0,38,33.0,0.0,2.38,1,1,1.0,0.9721789360046387,1.0,1
15713,1,0,0,0,0,0,33,33.0,1.3,0.71,1,1,1.0,0.9981718063354492,1.0,1
15714,1,0,0,0,0,0,33,35.0,0.9,1.23,1,1,1.0,0.9956263303756714,1.0,1
15715,1,0,0,0,0,0,35,38.0,1.0,0.9,1,1,1.0,0.969640851020813,1.0,1
15716,1,0,0,1,0,0,38,29.0,0.8,0.91,1,0,0.0,0.04247695952653885,0.0,0
15717,1,0,1,1,0,0,32,32.0,0.5,0.78,0,0,0.0,0.0028422530740499496,0.0,0
15718,1,0,0,0,0,0,32,36.0,0.9,0.48,0,1,1.0,0.9835915565490723,1.0,1
15719,1,0,0,0,0,0,35,75.0,0.4,0.7,1,1,1.0,0.8564435243606567,1.0,1
15720,1,0,0,0,0,0,82,32.0,0.3,0.65,1,1,1.0,0.9802046418190002,1.0,1
15721,1,0,0,0,0,0,33,43.0,0.7,0.34,1,1,1.0,0.9579519629478455,1.0,1
15722,1,0,0,0,0,0,43,52.0,8.8,0.61,1,1,1.0,0.9997672438621521,1.0,1
15723,1,0,0,1,0,0,53,44.0,1.2,4.06,1,0,0.0,0.022841909900307655,0.0,0
15724,1,1,0,1,0,0,46,43.0,0.5,1.24,0,0,0.0,0.0279143825173378,0.0,0
15725,1,0,0,0,0,0,41,8.0,0.2,0.6,0,1,1.0,0.991860568523407,1.0,1
15726,1,0,0,0,0,0,8,10.0,0.3,0.2,1,1,1.0,0.9979039430618286,1.0,1
15727,1,0,0,0,0,0,10,8.0,0.1,0.43,1,1,1.0,0.993794322013855,1.0,1
15728,1,0,0,0,0,0,8,9.0,0.0,0.19,1,1,1.0,0.9920468330383301,1.0,1
15729,1,0,0,0,0,0,9,14.0,0.3,0.03,1,1,1.0,0.9672097563743591,1.0,1
15730,1,0,0,1,0,0,15,35.0,0.3,0.29,1,0,0.0,0.011936807073652744,0.0,0
15731,1,0,0,1,0,0,38,45.0,3.0,1.15,0,0,0.0,0.01266192551702261,0.0,0
15732,1,0,0,0,0,0,42,34.0,1.2,1.47,0,1,1.0,0.9974772334098816,1.0,1
15733,1,0,0,0,0,0,35,36.0,2.2,1.35,1,1,1.0,0.9992733001708984,1.0,1
15734,2,0,0,0,0,0,35,38.0,1.3,1.97,1,1,1.0,0.9977464079856873,1.0,1
15735,2,0,0,0,0,0,41,43.0,2.0,1.27,1,1,1.0,0.9972334504127502,1.0,1
15736,2,0,0,0,0,0,40,42.0,0.8,1.88,1,1,1.0,0.9526151418685913,1.0,1
15737,2,0,0,1,0,0,39,37.0,1.7,0.74,1,0,0.0,0.029020214453339577,0.0,0
15738,2,0,0,1,0,0,40,40.0,0.2,1.83,0,0,0.0,0.007290716748684645,0.0,0
15739,2,0,0,0,0,0,42,37.0,0.0,0.2,0,1,1.0,0.8810185194015503,1.0,1
15740,2,0,0,0,0,0,36,43.0,0.7,0.0,1,1,1.0,0.9812957644462585,1.0,1
15741,2,0,0,0,0,0,46,44.0,0.5,0.56,1,1,0.0,0.9624720811843872,0.0,1
15742,2,0,0,0,0,0,48,54.0,0.0,0.65,0,0,1.0,0.3696875274181366,1.0,0
15743,2,0,0,0,0,0,53,58.0,1.0,1.08,1,1,1.0,0.8945450186729431,1.0,1
15744,2,0,0,1,0,0,59,42.0,0.1,0.96,1,0,0.0,0.04247744381427765,0.0,0
15745,2,0,0,1,0,0,39,47.0,0.7,0.0,0,0,0.0,0.03664751723408699,0.0,0
15746,2,0,0,0,0,0,50,54.0,0.2,0.65,0,1,0.0,0.7464607954025269,0.0,1
15747,2,0,0,0,0,0,55,34.0,0.0,0.15,0,1,1.0,0.8852011561393738,1.0,1
15748,2,0,0,0,0,0,34,48.0,0.1,0.0,1,1,1.0,0.8536214232444763,1.0,1
15749,2,0,0,0,0,0,46,46.0,0.1,0.09,1,1,1.0,0.7723575830459595,1.0,1
15750,2,0,0,0,0,0,44,47.0,0.9,0.15,1,1,1.0,0.9155402183532715,1.0,1
15751,2,0,0,1,0,0,48,47.0,0.0,0.73,1,0,0.0,0.026879562065005302,0.0,0
15752,2,0,1,1,0,0,48,41.0,0.1,0.0,0,0,0.0,0.010061228647828102,0.0,0
15753,2,0,0,0,0,0,44,62.0,0.0,0.12,0,1,1.0,0.466774582862854,1.0,0
15754,2,0,0,0,0,0,58,52.0,1.3,0.91,1,1,1.0,0.9910524487495422,1.0,1
15755,2,0,0,0,0,0,54,36.0,0.0,0.97,1,1,0.0,0.9542271494865417,0.0,1
15756,2,0,0,0,0,0,39,41.0,0.0,0.0,0,1,0.0,0.7145293951034546,0.0,1
15757,2,0,0,0,0,0,43,40.0,0.3,0.02,0,1,1.0,0.8552067279815674,1.0,1
15758,2,0,0,1,0,0,44,44.0,0.4,0.31,1,0,0.0,0.031357355415821075,0.0,0
15759,2,0,0,1,0,0,48,57.0,0.8,0.32,0,0,0.0,0.02314850687980652,0.0,0
15760,2,0,0,0,0,0,54,47.0,0.2,0.66,0,1,1.0,0.8287245035171509,1.0,1
15761,2,0,0,0,0,0,46,42.0,0.0,0.2,1,1,0.0,0.8550025224685669,0.0,1
15762,2,0,0,0,0,0,39,32.0,0.8,0.0,0,1,1.0,0.9810915589332581,1.0,1
15763,3,0,0,0,0,0,33,40.0,0.1,0.73,1,1,1.0,0.8680738806724548,1.0,1
15764,3,0,0,0,0,0,38,28.0,0.4,1.67,1,1,1.0,0.9241040945053101,1.0,1
15765,3,0,0,1,0,0,29,37.0,1.5,0.31,1,0,0.0,0.05064118281006813,0.0,0
15766,3,1,0,1,0,0,37,47.0,0.6,1.41,0,0,0.0,0.03562753647565842,0.0,0
15767,3,0,0,0,0,1,43,42.0,1.4,1.61,0,1,0.0,0.013619964011013508,0.0,0
15768,3,0,0,0,0,1,39,34.0,1.6,1.46,0,0,0.0,0.0025373008102178574,0.0,0
15769,3,0,0,0,0,1,38,42.0,2.7,1.67,0,0,0.0,0.0029315785504877567,0.0,0
15770,3,0,0,0,0,1,39,44.0,1.3,2.66,0,0,0.0,0.0005681089241988957,0.0,0
15771,3,0,0,0,0,1,40,24.0,0.1,1.21,0,0,0.0,0.0004727048217318952,0.0,0
15772,3,0,0,1,0,1,22,20.0,0.2,0.26,0,0,0.0,6.619648047490045e-05,0.0,0
15773,3,0,0,1,0,1,21,35.0,5.7,0.19,0,0,0.0,0.009257183410227299,0.0,0
15774,3,0,0,0,0,1,34,36.0,0.9,2.29,0,0,0.0,0.6898483037948608,0.0,1
15775,3,0,0,0,0,1,35,36.0,1.0,3.29,0,0,1.0,0.5313370823860168,1.0,1
15776,3,0,0,0,0,0,36,23.0,0.0,0.91,1,0,1.0,0.9870636463165283,1.0,1
15777,3,0,0,0,0,0,22,23.0,0.2,0.33,1,1,1.0,0.9957329630851746,1.0,1
15778,3,0,0,0,0,0,24,29.0,0.6,0.33,1,1,1.0,0.9774107336997986,1.0,1
15779,3,0,0,1,0,0,32,37.0,0.2,0.72,1,0,0.0,0.03797868266701698,0.0,0
15780,3,0,0,1,0,0,37,32.0,1.5,0.28,0,0,0.0,0.03605371713638306,0.0,0
15781,3,0,0,0,0,0,31,34.0,0.7,0.98,0,1,1.0,0.9867777228355408,1.0,1
15782,3,1,0,0,0,0,36,29.0,0.4,0.75,1,1,1.0,0.9942253232002258,1.0,1
15783,3,0,0,0,0,0,27,25.0,0.6,0.3,1,1,1.0,0.9926881194114685,1.0,1
15784,3,0,0,0,0,0,24,22.0,0.3,0.55,1,1,1.0,0.986221432685852,1.0,1
15785,3,0,0,0,0,0,23,28.0,0.7,0.46,1,1,1.0,0.9598902463912964,1.0,1
15786,3,0,0,1,0,0,27,6.0,0.5,0.53,1,0,0.0,0.055199526250362396,0.0,0
15787,3,0,0,1,0,0,6,19.0,0.2,0.45,0,0,0.0,0.019311070442199707,0.0,0
15788,3,0,0,0,0,0,19,14.0,0.1,0.12,0,1,1.0,0.983584463596344,1.0,1
15789,3,0,0,0,0,0,14,17.0,0.1,0.04,1,1,1.0,0.9895874261856079,1.0,1
15790,3,0,0,0,0,0,16,9.0,0.3,0.08,1,1,1.0,0.9953749179840088,1.0,1
15791,3,0,0,0,0,0,9,49.0,0.5,0.2,1,1,1.0,0.932982325553894,1.0,1
15792,3,0,0,0,0,0,50,45.0,3.4,0.48,1,1,1.0,0.9987390041351318,1.0,1
15793,3,0,0,1,0,0,47,55.0,3.4,1.29,1,0,1.0,0.14178182184696198,1.0,0
15794,4,0,0,1,1,0,59,61.0,1.5,3.19,1,0,0.0,0.740066409111023,0.0,1
15795,4,0,0,0,0,0,57,16.0,0.5,1.59,0,1,1.0,0.9892956018447876,1.0,1
15796,4,0,0,0,0,0,17,29.0,0.0,0.33,1,1,1.0,0.9737093448638916,1.0,1
15797,4,0,0,0,0,0,29,25.0,0.0,1.43,1,1,1.0,0.9643634557723999,1.0,1
15798,4,0,0,0,0,0,23,-2.0,0.1,0.17,1,1,1.0,0.98143070936203,1.0,1
15799,4,0,0,0,0,0,-2,40.0,3.7,0.19,1,1,1.0,0.9970870614051819,1.0,1
15800,4,0,0,1,0,0,37,21.0,0.0,2.11,1,0,0.0,0.021810365840792656,0.0,0
15801,4,0,0,1,0,0,21,-1.0,0.2,1.88,0,0,0.0,0.03842175751924515,0.0,0
15802,4,0,0,0,0,0,-1,-9.0,0.2,0.05,0,1,1.0,0.9959568381309509,1.0,1
15803,4,0,0,0,0,0,-9,-13.0,0.0,0.28,1,1,1.0,0.9984921216964722,1.0,1
15804,4,0,0,0,0,0,-13,55.0,0.0,0.0,1,1,0.0,0.5430787801742554,0.0,1
15805,4,0,0,0,0,0,60,31.0,0.7,0.0,0,1,1.0,0.9233167171478271,1.0,1
15806,4,0,0,0,0,0,29,25.0,0.4,0.51,1,1,1.0,0.9698678255081177,1.0,1
15807,4,0,0,1,0,0,27,19.0,3.1,0.41,1,0,0.0,0.5300747156143188,0.0,1
15808,4,0,0,1,0,0,19,12.0,0.2,1.25,0,0,0.0,0.18979619443416595,0.0,0
15809,4,0,0,0,0,0,13,28.0,4.6,0.13,0,1,1.0,0.9987168312072754,1.0,1
15810,4,0,0,0,0,0,28,27.0,0.0,2.63,1,1,1.0,0.9852765202522278,1.0,1
15811,4,0,0,0,0,0,30,36.0,0.0,0.14,1,1,1.0,0.8588892221450806,1.0,1
15812,4,0,0,0,0,0,33,16.0,0.2,1.3,1,1,1.0,0.9510923624038696,1.0,1
15813,4,0,0,0,0,0,17,5.0,0.1,0.05,1,1,1.0,0.9619289636611938,1.0,1
15814,4,0,0,1,0,0,5,25.0,0.3,0.07,1,0,0.0,0.103025421500206,0.0,0
15815,4,0,0,1,0,0,24,-23.0,0.0,0.31,0,0,1.0,0.04220465570688248,1.0,0
15816,4,0,0,0,1,0,-21,16.0,0.0,0.0,1,0,1.0,0.9739598631858826,1.0,1
15817,4,0,0,0,0,0,15,58.0,0.0,0.05,1,0,0.0,0.6667150259017944,0.0,1
15818,4,0,0,0,0,0,60,60.0,0.0,0.0,0,0,0.0,0.4130462110042572,0.0,0
15819,4,0,0,0,0,0,60,61.0,0.0,0.0,0,1,0.0,0.3344097137451172,0.0,0
15820,4,0,0,0,0,0,60,36.0,4.1,0.0,0,1,1.0,0.9961070418357849,1.0,1
15821,4,0,0,1,0,0,33,20.0,0.0,2.33,1,0,0.0,0.05005640164017677,0.0,0
15822,4,0,0,1,0,0,21,37.0,0.9,0.9,0,0,0.0,0.00113460433203727,0.0,0
15823,4,0,0,0,0,0,39,13.0,1.5,0.9,0,1,1.0,0.9953623414039612,1.0,1
15824,5,0,0,0,0,0,13,-3.0,0.0,0.43,1,0,0.0,0.9954718351364136,0.0,1
15825,5,0,0,0,0,1,-3,63.0,0.0,0.0,0,1,0.0,0.011924310587346554,0.0,0
15826,5,0,0,0,0,1,60,7.0,0.0,0.0,0,0,0.0,0.0059344409964978695,0.0,0
15827,5,0,0,0,0,1,8,64.0,0.0,0.04,0,0,0.0,0.0001261296565644443,0.0,0
15828,5,0,0,1,0,1,60,24.0,7.5,0.0,0,0,0.0,0.00026063257246278226,0.0,0
15829,5,0,0,1,0,1,23,52.0,0.0,2.56,0,0,0.0,0.005972203798592091,0.0,0
15830,5,0,0,0,0,1,51,52.0,0.0,0.04,0,0,0.0,0.0024483141023665667,0.0,0
15831,5,0,0,0,0,1,48,63.0,0.1,0.04,0,0,0.0,0.05718515068292618,0.0,0
15832,5,0,0,0,0,0,61,65.0,0.2,0.1,0,0,0.0,0.5489406585693359,0.0,1
15833,5,0,0,0,0,0,59,47.0,0.1,0.2,0,1,0.0,0.7093412280082703,0.0,1
15834,5,0,0,0,0,0,43,33.0,0.0,0.1,0,1,1.0,0.8363860249519348,1.0,1
15835,5,0,0,1,0,0,37,32.0,0.0,0.0,1,0,1.0,0.11245787888765335,1.0,0
15836,5,0,0,1,1,0,33,41.0,0.2,0.0,1,0,0.0,0.4828886389732361,0.0,0
15837,5,0,0,0,0,0,41,54.0,0.3,0.15,0,1,1.0,0.7671681642532349,1.0,1
15838,5,0,0,0,0,0,52,40.0,0.1,0.36,1,1,1.0,0.8784618377685547,1.0,1
15839,5,0,0,0,0,0,42,50.0,2.3,0.06,1,1,1.0,0.9928504824638367,1.0,1
15840,5,0,0,0,0,0,49,47.0,0.0,1.07,1,1,1.0,0.6506868600845337,1.0,1
15841,5,0,0,0,0,0,45,53.0,1.5,3.73,1,1,1.0,0.9747884273529053,1.0,1
15842,5,0,0,1,0,0,50,47.0,0.8,1.62,1,0,0.0,0.0009453500970266759,0.0,0
15843,5,0,0,1,0,0,51,59.0,0.8,0.86,0,0,0.0,0.02083531767129898,0.0,0
15844,5,0,0,0,0,0,57,56.0,0.7,0.78,0,1,0.0,0.8600586652755737,0.0,1
15845,5,0,0,0,0,0,57,49.0,1.7,0.75,0,1,1.0,0.9920912384986877,1.0,1
15846,5,0,0,0,0,0,46,46.0,3.2,1.6,1,1,1.0,0.999474048614502,1.0,1
15847,5,0,0,0,0,0,46,47.0,2.0,2.96,1,1,1.0,0.9972925186157227,1.0,1
15848,5,0,0,0,0,0,47,47.0,0.8,2.13,1,1,1.0,0.9598865509033203,1.0,1
15849,5,0,0,1,0,0,50,59.0,1.3,0.82,1,0,1.0,0.5140384435653687,1.0,1
15850,5,0,1,1,1,0,58,47.0,1.4,1.32,1,0,1.0,0.4319426119327545,1.0,0
15851,5,0,0,0,1,0,51,44.0,0.0,1.54,1,0,0.0,0.831589937210083,0.0,1
15852,5,0,0,0,0,0,46,56.0,0.9,0.26,0,1,1.0,0.9620845913887024,1.0,1
15853,5,0,0,0,0,0,52,47.0,2.9,1.53,1,1,1.0,0.9982722401618958,1.0,1
15854,5,0,0,0,0,0,51,52.0,0.9,0.93,1,1,1.0,0.9436063766479492,1.0,1
15855,6,0,0,0,0,0,48,27.0,0.4,0.82,1,1,1.0,0.9490834474563599,1.0,1
15856,6,0,0,1,0,0,29,23.0,0.3,0.34,1,0,0.0,5.32930571353063e-05,0.0,0
15857,6,0,0,1,0,0,24,18.0,0.4,0.29,0,0,0.0,1.4769797417102382e-05,0.0,0
15858,6,0,0,0,0,0,16,20.0,0.8,0.39,0,1,1.0,0.9806883335113525,1.0,1
15859,6,0,0,0,0,0,20,36.0,0.3,0.63,1,1,1.0,0.9653809070587158,1.0,1
15860,6,0,0,0,0,0,33,25.0,0.3,0.31,1,1,1.0,0.9887984991073608,1.0,1
15861,6,0,0,0,0,0,23,38.0,0.8,0.23,1,1,1.0,0.9901853203773499,1.0,1
15862,6,0,0,0,0,0,35,26.0,1.6,1.53,1,1,1.0,0.993516206741333,1.0,1
15863,6,0,0,1,0,0,29,38.0,1.0,1.34,1,0,1.0,0.5921205282211304,1.0,1
15864,6,0,0,1,1,0,35,36.0,1.0,1.09,1,0,1.0,0.759854257106781,1.0,1
15865,6,0,0,0,1,0,35,62.0,0.0,1.09,1,0,0.0,0.5947651267051697,0.0,1
15866,6,0,0,0,0,0,69,78.0,0.0,0.01,0,0,0.0,0.21223658323287964,0.0,0
15867,6,0,0,0,0,0,77,63.0,0.0,0.02,0,0,0.0,0.382640540599823,0.0,0
15868,6,0,0,0,0,0,67,60.0,0.1,0.0,0,0,0.0,0.38160035014152527,0.0,0
15869,6,0,0,0,0,0,64,79.0,0.0,0.09,0,0,0.0,0.15721020102500916,0.0,0
15870,6,0,0,1,0,0,78,76.0,0.0,0.01,0,0,0.0,0.001605423865839839,0.0,0
15871,6,1,0,1,0,0,78,67.0,0.2,0.04,0,0,0.0,0.00028165357070975006,0.0,0
15872,6,0,1,0,0,0,71,68.0,6.0,0.19,0,1,0.0,0.4522353410720825,0.0,0
15873,6,0,0,0,0,0,63,61.0,0.0,2.87,0,0,1.0,0.646848201751709,1.0,1
15874,6,0,0,0,0,0,64,74.0,0.0,0.53,1,0,0.0,0.40374302864074707,0.0,0
15875,6,0,0,0,0,0,72,77.0,0.2,0.04,0,0,0.0,0.4117855131626129,0.0,0
15876,6,0,0,0,0,0,73,71.0,0.0,0.19,0,0,0.0,0.2649729549884796,0.0,0
15877,6,0,0,1,0,0,75,57.0,0.2,0.05,0,0,0.0,0.26832377910614014,0.0,0
15878,6,0,0,1,0,0,60,43.0,0.2,0.17,0,0,1.0,0.32958632707595825,1.0,0
15879,6,0,0,0,1,0,45,45.0,0.2,0.18,1,1,1.0,0.7033423781394958,1.0,1
15880,6,0,0,0,0,0,47,55.0,3.7,0.2,1,1,1.0,0.9972997307777405,1.0,1
15881,6,0,0,0,0,0,53,52.0,1.2,1.25,1,1,1.0,0.9872698783874512,1.0,1
15882,6,0,0,0,0,0,54,62.0,1.1,1.24,1,1,1.0,0.9490390419960022,1.0,1
15883,6,0,0,0,0,0,59,69.0,8.9,0.49,1,1,1.0,0.9994387626647949,1.0,1
15884,6,0,0,1,0,0,71,68.0,0.0,4.98,1,0,0.0,0.0988231897354126,0.0,0
15885,7,0,0,1,0,0,72,80.0,0.1,0.11,0,0,0.0,0.0019396390998736024,0.0,0
15886,7,0,0,0,0,0,73,76.0,0.1,0.18,0,0,0.0,0.2286943942308426,0.0,0
15887,7,0,1,0,0,0,70,66.0,0.0,0.23,0,1,0.0,0.11350550502538681,0.0,0
15888,7,0,0,0,1,0,71,26.0,0.4,0.06,0,1,1.0,0.881369411945343,1.0,1
15889,7,0,0,0,0,0,24,21.0,0.6,0.43,1,1,1.0,0.9902662634849548,1.0,1
15890,7,0,0,0,0,0,20,20.0,2.1,0.72,1,1,1.0,0.9985484480857849,1.0,1
15891,7,0,0,1,0,0,20,12.0,0.0,1.32,1,0,0.0,0.47446170449256897,0.0,0
15892,7,0,0,1,0,0,12,14.0,0.1,0.28,0,0,0.0,0.504574179649353,0.0,1
15893,7,0,0,0,0,0,13,17.0,0.1,0.17,0,1,1.0,0.9690495729446411,1.0,1
15894,7,0,0,0,0,0,16,16.0,0.0,0.12,1,1,1.0,0.9739832878112793,1.0,1
15895,7,0,0,0,0,0,16,9.0,0.3,0.01,1,1,1.0,0.991779088973999,1.0,1
15896,7,0,0,0,0,0,9,20.0,0.1,0.34,1,1,1.0,0.9629267454147339,1.0,1
15897,7,0,0,0,0,0,19,30.0,0.1,0.09,1,1,1.0,0.8231310844421387,1.0,1
15898,7,0,0,1,0,0,30,15.0,0.2,0.98,1,0,1.0,0.3750031590461731,1.0,0
15899,7,0,0,1,1,0,16,19.0,0.6,0.16,1,0,0.0,0.7413361072540283,0.0,1
15900,7,0,0,0,0,0,19,13.0,0.3,0.66,0,1,1.0,0.9897236824035645,1.0,1
15901,7,0,0,0,0,0,13,8.0,0.1,0.28,1,1,1.0,0.9937894344329834,1.0,1
15902,7,0,0,0,0,0,7,13.0,0.1,0.1,1,1,1.0,0.9898306131362915,1.0,1
15903,7,0,0,0,0,0,12,5.0,0.3,0.08,1,1,1.0,0.9923050403594971,1.0,1
15904,7,0,0,0,0,0,5,9.0,0.1,0.27,1,1,1.0,0.9823396801948547,1.0,1
15905,7,0,0,1,0,0,10,4.0,0.1,0.16,1,0,0.0,0.000348569214111194,0.0,0
15906,7,0,0,1,0,0,4,18.0,0.1,0.2,0,0,0.0,0.02231365442276001,0.0,0
15907,7,0,0,0,0,0,18,18.0,0.1,0.07,0,1,1.0,0.9608346819877625,1.0,1
15908,7,0,0,0,0,0,18,14.0,0.2,0.08,1,1,1.0,0.9932167530059814,1.0,1
15909,7,0,0,0,0,0,15,22.0,0.1,0.12,1,1,1.0,0.9928401708602905,1.0,1
15910,7,0,0,0,0,0,22,19.0,0.1,0.07,1,1,1.0,0.9759937524795532,1.0,1
15911,7,0,0,0,0,0,20,24.0,0.1,0.17,1,1,1.0,0.9379695653915405,1.0,1
15912,7,0,0,1,0,0,23,28.0,0.0,0.11,1,0,1.0,0.2382369339466095,1.0,0
15913,7,0,0,1,1,0,28,38.0,0.0,2.36,1,0,1.0,0.5384107828140259,1.0,1
15914,7,0,0,0,1,0,37,32.0,2.3,2.86,1,1,1.0,0.9910252094268799,1.0,1
15915,7,0,0,0,0,0,34,33.0,2.4,2.35,1,1,1.0,0.9992290735244751,1.0,1
15916,8,0,0,0,0,0,33,37.0,2.7,2.71,1,1,1.0,0.9994951486587524,1.0,1
15917,8,0,0,0,0,0,34,60.0,1.8,2.61,1,1,1.0,0.9941244125366211,1.0,1
15918,8,0,0,0,0,0,61,65.0,0.0,1.91,1,0,0.0,0.29136666655540466,0.0,0
15919,8,0,0,1,0,0,62,57.0,4.8,0.4,0,0,0.0,0.0007738869753666222,0.0,0
15920,8,0,0,1,0,0,63,53.0,0.2,1.98,0,0,0.0,0.00020955473883077502,0.0,0
15921,8,1,0,0,0,0,51,63.0,0.0,0.19,0,1,1.0,0.5590164661407471,1.0,1
15922,8,0,0,0,0,0,61,13.0,0.0,1.28,1,1,1.0,0.983863115310669,1.0,1
15923,8,0,0,0,0,0,14,8.0,1.0,0.97,1,1,1.0,0.9988145232200623,1.0,1
15924,8,0,0,0,0,0,8,23.0,1.7,0.93,1,1,1.0,0.9987978339195251,1.0,1
15925,8,0,0,0,0,0,21,32.0,0.7,1.68,1,1,1.0,0.9911336898803711,1.0,1
15926,8,0,0,1,0,0,35,36.0,0.8,0.77,1,0,1.0,0.617617130279541,1.0,1
15927,8,0,0,1,1,0,39,33.0,1.0,0.73,1,0,1.0,0.782660722732544,1.0,1
15928,8,0,0,0,1,0,31,29.0,1.0,1.06,1,1,1.0,0.9803652167320251,1.0,1
15929,8,0,0,0,0,0,29,27.0,1.3,1.0,1,1,1.0,0.9965152144432068,1.0,1
15930,8,0,0,0,0,0,26,17.0,1.2,1.36,1,1,1.0,0.9982322454452515,1.0,1
15931,8,0,0,0,0,0,17,19.0,0.2,0.54,1,1,1.0,0.9908612966537476,1.0,1
15932,8,0,0,0,0,0,18,16.0,0.5,0.32,1,1,1.0,0.9935486912727356,1.0,1
15933,8,0,0,1,0,0,16,16.0,0.6,0.43,1,0,0.0,0.0195506289601326,0.0,0
15934,8,0,0,1,0,0,18,14.0,0.7,0.73,0,0,0.0,8.126506145345047e-05,0.0,0
15935,8,0,0,0,0,0,14,18.0,0.5,0.59,0,1,1.0,0.9789007902145386,1.0,1
15936,8,0,0,0,0,0,17,6.0,0.6,0.37,1,1,1.0,0.9966935515403748,1.0,1
15937,8,0,0,0,0,0,6,18.0,0.2,0.68,1,1,1.0,0.9942302703857422,1.0,1
15938,8,0,0,0,0,0,20,13.0,0.3,0.32,1,1,1.0,0.9929339289665222,1.0,1
15939,8,0,0,0,0,0,12,-2.0,0.1,1.3,1,1,1.0,0.9946642518043518,1.0,1
15940,8,0,0,1,0,0,-2,-7.0,0.0,0.1,1,0,1.0,0.6702830195426941,1.0,1
15941,8,0,0,1,1,0,-7,1.0,0.3,0.03,1,0,0.0,0.833036482334137,0.0,1
15942,8,0,0,0,0,0,1,0.0,0.3,0.45,0,1,1.0,0.9944769144058228,1.0,1
15943,8,0,0,0,0,0,0,-2.0,0.3,0.37,1,1,1.0,0.9984057545661926,1.0,1
15944,8,0,0,0,0,0,-2,43.0,0.6,0.35,1,1,1.0,0.9748095870018005,1.0,1
15945,8,0,0,0,0,0,45,45.0,0.0,0.56,1,0,1.0,0.6216108798980713,1.0,1
15946,8,0,0,0,0,0,48,61.0,2.7,1.52,1,1,1.0,0.9895485639572144,1.0,1
15947,9,0,0,1,0,0,60,57.0,3.1,2.15,1,0,0.0,0.007522654719650745,0.0,0
15948,9,0,1,1,0,0,58,55.0,1.7,2.94,0,0,0.0,0.012905903160572052,0.0,0
15949,9,0,0,0,0,0,55,56.0,1.2,1.51,0,1,1.0,0.9209121465682983,1.0,1
15950,9,0,0,0,0,0,54,50.0,1.6,1.33,1,1,1.0,0.9947328567504883,1.0,1
15951,9,0,0,0,0,0,46,34.0,0.0,1.71,1,1,1.0,0.9576144218444824,1.0,1
15952,9,0,0,0,0,0,32,22.0,0.1,0.1,1,1,1.0,0.9367946982383728,1.0,1
15953,9,0,0,0,0,0,21,18.0,0.2,0.07,1,1,1.0,0.961254358291626,1.0,1
15954,9,0,0,1,0,0,18,24.0,0.0,0.16,1,0,0.0,0.1036939024925232,0.0,0
15955,9,0,0,1,0,0,23,30.0,0.0,0.0,0,0,0.0,0.17948803305625916,0.0,0
15956,9,0,0,0,0,0,28,15.0,0.0,0.01,0,1,1.0,0.9479280710220337,1.0,1
15957,9,0,0,0,0,0,16,26.0,0.1,0.05,1,1,1.0,0.9803407192230225,1.0,1
15958,9,0,0,0,0,0,24,4.0,0.8,0.08,1,1,1.0,0.9974155426025391,1.0,1
15959,9,0,0,0,0,0,4,3.0,0.7,1.03,1,1,1.0,0.9975529313087463,1.0,1
15960,9,1,0,0,0,0,3,-2.0,0.0,0.31,1,1,1.0,0.9944267868995667,1.0,1
15961,9,0,0,1,0,0,-2,8.0,0.0,0.0,1,0,1.0,0.17234064638614655,1.0,0
15962,9,0,0,1,1,0,7,-2.0,0.0,0.0,1,0,1.0,0.6955636143684387,1.0,1
15963,9,0,0,0,1,0,-2,-2.0,0.3,0.05,1,1,1.0,0.9921590089797974,1.0,1
15964,9,0,0,0,0,0,-2,0.0,0.2,0.33,1,1,1.0,0.9991334080696106,1.0,1
15965,9,0,0,0,0,0,0,0.0,0.6,0.15,1,1,1.0,0.9996722340583801,1.0,1
15966,9,0,0,0,0,0,0,4.0,0.3,0.8,1,1,1.0,0.995572030544281,1.0,1
15967,9,0,0,0,0,0,4,1.0,0.1,0.11,1,1,1.0,0.9912784099578857,1.0,1
15968,9,0,0,1,0,0,1,10.0,0.4,0.07,1,0,0.0,6.663343810942024e-06,0.0,0
15969,9,0,0,1,0,0,11,14.0,0.0,0.47,0,0,0.0,9.051789675140753e-05,0.0,0
15970,9,0,0,0,0,0,14,14.0,0.1,0.03,0,1,1.0,0.9824946522712708,1.0,1
15971,9,0,0,0,0,0,14,9.0,0.2,0.05,1,1,1.0,0.9978117346763611,1.0,1
15972,9,0,0,0,0,0,10,14.0,0.0,0.13,1,1,0.0,0.9966890811920166,0.0,1
15973,9,0,0,0,0,1,14,14.0,0.1,0.04,0,1,0.0,0.012782590463757515,0.0,0
15974,9,0,0,0,0,1,14,12.0,0.2,0.08,0,0,0.0,0.0027130625676363707,0.0,0
15975,9,0,0,1,0,1,11,14.0,0.1,0.18,0,0,0.0,0.04358956590294838,0.0,0
15976,9,0,0,1,0,1,14,4.0,0.3,0.05,0,0,0.0,0.23081636428833008,0.0,0
15977,10,0,0,0,0,1,4,29.0,0.3,0.25,0,0,0.0,0.010699041187763214,0.0,0
15978,10,0,0,0,0,1,30,26.0,0.2,0.46,0,0,0.0,0.008400448597967625,0.0,0
15979,10,0,0,0,0,1,29,47.0,0.0,0.16,0,0,0.0,0.12398822605609894,0.0,0
15980,10,0,0,0,0,1,51,48.0,0.1,0.0,0,0,0.0,0.29236724972724915,0.0,0
15981,10,0,0,0,0,1,45,41.0,0.5,0.11,0,0,1.0,0.5380762815475464,1.0,1
15982,10,1,0,1,0,0,40,29.0,0.9,0.64,1,0,0.0,0.6170293092727661,0.0,1
15983,10,0,1,1,0,0,28,24.0,1.2,0.96,0,0,1.0,0.1945280283689499,1.0,0
15984,10,0,0,0,1,0,22,2.0,2.3,1.3,1,1,1.0,0.9736658930778503,1.0,1
15985,10,0,0,0,0,0,2,37.0,1.4,2.42,1,1,1.0,0.9989602565765381,1.0,1
15986,10,0,0,0,0,0,36,36.0,1.3,1.38,1,1,1.0,0.9993179440498352,1.0,1
15987,10,0,0,0,0,0,34,48.0,0.5,1.28,1,1,1.0,0.9735769033432007,1.0,1
15988,10,0,0,0,0,0,44,33.0,0.1,0.15,1,1,1.0,0.8838415741920471,1.0,1
15989,10,0,0,1,0,0,32,42.0,0.0,0.1,1,0,0.0,0.003358901711180806,0.0,0
15990,10,0,0,1,0,0,42,25.0,1.3,0.0,0,0,0.0,0.00016846568905748427,0.0,0
15991,10,0,0,0,0,0,26,24.0,0.0,0.86,0,1,1.0,0.9520946145057678,1.0,1
15992,10,0,0,0,0,0,22,22.0,1.9,1.65,1,1,1.0,0.9992477893829346,1.0,1
15993,10,0,0,0,0,0,23,23.0,1.6,1.94,1,1,1.0,0.9996716380119324,1.0,1
15994,10,0,0,0,0,0,22,33.0,1.6,1.53,1,1,1.0,0.9988411664962769,1.0,1
15995,10,0,0,0,0,0,34,39.0,1.3,1.72,1,1,1.0,0.9865366220474243,1.0,1
15996,10,0,0,1,0,0,36,27.0,1.6,1.28,1,0,1.0,0.5612655878067017,1.0,1
15997,10,0,0,1,1,0,25,22.0,1.5,1.51,1,0,1.0,0.8583477735519409,1.0,1
15998,10,0,0,0,1,0,24,39.0,0.2,1.54,1,1,1.0,0.9180683493614197,1.0,1
15999,10,0,0,0,0,0,38,49.0,4.5,0.27,1,1,1.0,0.9988390803337097,1.0,1
16000,10,0,0,0,0,0,51,40.0,0.2,1.88,1,1,1.0,0.9072914123535156,1.0,1
16001,10,1,0,0,0,0,41,41.0,0.3,0.23,1,1,1.0,0.95636385679245,1.0,1
16002,10,0,0,0,0,0,41,44.0,0.1,0.25,1,1,1.0,0.8406721353530884,1.0,1
16003,10,0,0,1,0,0,40,44.0,0.2,0.19,1,0,0.0,0.002107818378135562,0.0,0
16004,10,0,0,1,0,0,42,55.0,0.0,0.27,0,0,0.0,7.769739022478461e-05,0.0,0
16005,10,0,0,0,0,0,51,-4.0,0.0,1.77,0,1,1.0,0.9642778635025024,1.0,1
16006,10,0,0,0,0,0,-4,-2.0,0.0,0.1,1,1,1.0,0.9988717436790466,1.0,1
16007,10,0,0,0,0,0,-2,-1.0,0.1,0.01,1,1,1.0,0.9987627267837524,1.0,1
16008,11,0,0,0,0,0,-1,-5.0,0.0,0.1,1,1,1.0,0.9965017437934875,1.0,1
16009,11,0,0,0,0,0,-5,-2.0,0.0,0.02,1,1,1.0,0.9902445673942566,1.0,1
16010,11,0,0,1,0,0,-2,19.0,0.0,0.0,1,0,0.0,0.5974551439285278,0.0,1
16011,11,0,0,1,0,0,21,24.0,1.4,1.29,0,0,0.0,0.6928210258483887,0.0,1
16012,11,0,0,0,0,0,24,24.0,1.7,0.94,0,1,1.0,0.9970411062240601,1.0,1
16013,11,0,0,0,0,0,24,21.0,1.3,1.63,1,1,1.0,0.9986934065818787,1.0,1
16014,11,0,0,0,0,0,21,21.0,1.3,1.33,1,1,1.0,0.9978815317153931,1.0,1
16015,11,0,0,0,0,0,20,15.0,0.4,1.25,1,1,1.0,0.988061785697937,1.0,1
16016,11,0,0,0,0,0,16,23.0,4.0,0.22,1,1,1.0,0.9974073767662048,1.0,1
16017,11,0,0,1,0,0,21,28.0,0.0,1.31,1,0,0.0,0.22519467771053314,0.0,0
16018,11,0,1,1,0,0,27,30.0,0.0,0.0,0,0,0.0,0.02859022654592991,0.0,0
16019,11,0,0,0,0,0,32,25.0,0.0,0.04,0,1,1.0,0.8372299671173096,1.0,1
16020,11,0,0,0,0,0,26,32.0,0.0,0.0,1,1,1.0,0.9444937109947205,1.0,1
16021,11,0,0,0,0,0,32,40.0,0.4,0.01,1,1,1.0,0.9676651954650879,1.0,1
16022,11,0,0,0,0,0,37,21.0,0.6,0.34,1,1,1.0,0.979662299156189,1.0,1
16023,11,0,0,0,0,0,21,33.0,0.6,0.72,1,1,1.0,0.9573922753334045,1.0,1
16024,11,0,0,1,0,0,31,40.0,2.3,1.45,1,0,0.0,0.024352096021175385,0.0,0
16025,11,0,0,1,0,0,37,18.0,0.8,2.39,0,0,0.0,0.0074268789030611515,0.0,0
16026,11,0,0,0,0,0,17,36.0,0.0,0.78,0,1,1.0,0.853196382522583,1.0,1
16027,11,0,0,0,0,0,33,15.0,1.4,0.08,1,1,1.0,0.9954521656036377,1.0,1
16028,11,0,1,0,0,0,15,33.0,0.3,0.85,1,1,0.0,0.23110996186733246,0.0,0
16029,11,0,0,0,0,0,31,28.0,0.0,0.55,0,1,1.0,0.790254533290863,1.0,1
16030,11,1,0,0,0,0,30,27.0,0.6,1.05,1,1,1.0,0.9921882152557373,1.0,1
16031,11,0,0,1,0,0,26,32.0,0.9,0.94,1,0,0.0,0.10934677720069885,0.0,0
16032,11,0,0,1,0,0,31,35.0,1.1,0.95,0,0,0.0,0.024645831435918808,0.0,0
16033,11,0,0,0,0,0,35,29.0,2.1,1.17,0,1,1.0,0.9927719831466675,1.0,1
16034,11,0,0,0,0,0,28,25.0,1.1,2.16,1,1,1.0,0.9993828535079956,1.0,1
16035,11,0,0,0,0,0,27,27.0,1.9,1.16,1,1,1.0,0.9997158050537109,1.0,1
16036,11,0,0,0,0,0,27,74.0,1.3,1.82,1,1,1.0,0.9376403093338013,1.0,1
16037,11,0,0,0,0,0,81,28.0,1.0,1.31,1,1,1.0,0.9490129351615906,1.0,1
16038,12,0,0,1,0,0,31,41.0,0.3,1.08,1,0,0.0,0.08988025784492493,0.0,0
16039,12,0,0,1,0,0,44,55.0,0.1,0.26,0,0,0.0,0.06691287457942963,0.0,0
16040,12,0,0,0,0,0,57,45.0,1.9,0.18,0,1,1.0,0.9835116267204285,1.0,1
16041,12,0,0,0,0,0,50,47.0,0.1,1.32,1,1,1.0,0.9258235692977905,1.0,1
16042,12,0,0,0,0,0,43,-5.0,0.2,0.07,1,1,1.0,0.9947721362113953,1.0,1
16043,12,0,0,0,0,0,-6,-1.0,0.2,0.29,1,1,1.0,0.9916772842407227,1.0,1
16044,12,0,0,0,0,0,-1,2.0,0.7,0.32,1,1,1.0,0.9859581589698792,1.0,1
16045,12,0,0,1,0,0,2,4.0,0.4,0.52,1,0,0.0,0.022649014368653297,0.0,0
16046,12,0,0,1,0,0,4,2.0,0.3,0.37,0,0,0.0,0.007733353413641453,0.0,0
16047,12,0,0,0,0,0,2,36.0,2.9,0.4,0,1,1.0,0.9920416474342346,1.0,1
16048,12,0,0,0,0,0,38,43.0,2.7,1.57,1,1,1.0,0.9988418221473694,1.0,1
16049,12,0,0,0,0,0,43,38.0,1.8,1.3,1,1,1.0,0.9971970319747925,1.0,1
16050,12,0,0,0,0,0,36,34.0,1.9,1.86,1,1,1.0,0.9934600591659546,1.0,1
16051,12,0,0,0,0,0,38,42.0,2.3,2.05,1,1,1.0,0.9849116206169128,1.0,1
16052,12,0,0,1,0,0,41,40.0,1.9,2.28,1,0,0.0,0.08656099438667297,0.0,0
16053,12,1,0,1,0,0,41,42.0,2.5,1.94,0,0,0.0,0.0181590486317873,0.0,0
16054,12,0,0,0,0,0,39,38.0,2.5,2.39,0,1,1.0,0.9878425598144531,1.0,1
16055,12,0,0,0,0,0,40,38.0,0.0,2.68,1,1,1.0,0.9377176761627197,1.0,1
16056,12,0,0,0,0,0,41,33.0,0.0,0.0,1,1,1.0,0.9300200343132019,1.0,1
16057,12,0,0,0,0,0,34,52.0,0.0,0.03,1,1,1.0,0.7027745842933655,1.0,1
16058,12,0,0,0,0,0,52,52.0,0.0,0.03,1,0,1.0,0.6553307771682739,1.0,1
16059,12,0,0,1,0,0,52,61.0,2.6,0.0,1,0,0.0,0.2201852649450302,0.0,0
16060,12,0,0,1,0,0,63,76.0,0.1,1.06,0,0,0.0,0.05135820060968399,0.0,0
16061,12,0,1,0,0,0,71,34.0,0.0,0.04,0,1,0.0,0.1517915576696396,0.0,0
16062,12,0,0,0,0,0,37,50.0,0.0,0.0,0,0,1.0,0.638843297958374,1.0,1
16063,12,0,0,0,0,0,54,60.0,0.1,0.0,1,1,0.0,0.7887320518493652,0.0,1
16064,12,0,0,0,0,0,65,30.0,0.0,0.05,0,1,1.0,0.8634533882141113,1.0,1
16065,12,0,0,0,0,0,33,43.0,0.0,0.0,1,1,1.0,0.7257976531982422,1.0,1
16066,12,0,0,1,0,0,46,43.0,0.0,0.01,1,0,0.0,0.04119483008980751,0.0,0
16067,12,0,0,1,0,0,44,59.0,0.0,0.0,0,0,0.0,0.00501778069883585,0.0,0
16068,12,0,1,0,0,0,54,53.0,0.0,0.0,0,1,0.0,0.132368803024292,0.0,0
16069,1,0,0,0,0,0,55,43.0,0.0,0.0,0,0,1.0,0.8589539527893066,1.0,1
16070,1,0,0,0,0,0,45,63.0,0.1,0.0,1,0,0.0,0.745621383190155,0.0,1
16071,1,0,0,0,0,0,66,56.0,0.1,0.12,0,1,0.0,0.606441855430603,0.0,1
16072,1,0,0,0,0,0,61,37.0,0.0,0.11,0,1,0.0,0.7722112536430359,0.0,1
16073,1,0,0,1,0,0,39,50.0,0.0,0.0,0,0,0.0,0.0052617439068853855,0.0,0
16074,1,0,0,1,0,0,47,47.0,0.0,0.0,0,0,0.0,0.018423881381750107,0.0,0
16075,1,0,0,0,0,0,47,58.0,0.0,0.0,0,0,1.0,0.4892283082008362,1.0,0
16076,1,0,0,0,0,0,54,59.0,0.0,0.03,1,1,0.0,0.5564663410186768,0.0,1
16077,1,0,0,0,0,0,58,43.0,0.0,0.04,0,1,1.0,0.6654263734817505,1.0,1
16078,1,0,0,0,0,0,47,39.0,0.0,0.01,1,1,1.0,0.8101407289505005,1.0,1
16079,1,0,0,0,0,0,38,31.0,0.3,0.0,1,1,1.0,0.8924846053123474,1.0,1
16080,1,0,0,1,0,0,33,39.0,0.2,0.37,1,0,0.0,0.03429172560572624,0.0,0
16081,1,0,0,1,0,0,38,25.0,1.2,0.18,0,0,0.0,0.017165932804346085,0.0,0
16082,1,0,0,0,0,0,23,37.0,0.4,1.05,0,1,1.0,0.9696624875068665,1.0,1
16083,1,0,0,0,0,0,38,44.0,0.4,0.48,1,1,1.0,0.9311111569404602,1.0,1
16084,1,0,0,0,0,0,44,40.0,0.4,0.5,1,1,1.0,0.9427000284194946,1.0,1
16085,1,0,0,0,0,0,40,40.0,0.1,0.44,1,1,1.0,0.8299040794372559,1.0,1
16086,1,0,0,0,0,0,38,42.0,0.9,0.18,1,1,0.0,0.9073687791824341,0.0,1
16087,1,0,0,1,0,0,40,39.0,0.5,0.67,0,0,0.0,0.005910949315875769,0.0,0
16088,1,0,1,1,0,0,40,8.0,0.0,0.43,0,0,0.0,0.003956690896302462,0.0,0
16089,1,0,0,0,0,0,8,13.0,0.0,0.03,0,1,1.0,0.9867263436317444,1.0,1
16090,1,0,0,0,0,0,14,32.0,0.1,0.0,1,1,1.0,0.9793397188186646,1.0,1
16091,1,0,0,0,0,0,32,36.0,0.6,0.19,1,1,1.0,0.9711958765983582,1.0,1
16092,1,0,0,0,0,0,34,33.0,0.1,0.63,1,1,1.0,0.8601189255714417,1.0,1
16093,1,1,0,0,0,0,33,11.0,0.1,0.09,1,1,1.0,0.9819778800010681,1.0,1
16094,1,0,0,1,0,0,12,20.0,0.3,0.13,1,0,0.0,0.023877786472439766,0.0,0
16095,1,0,0,1,0,0,19,33.0,2.3,0.27,0,0,0.0,0.014625871554017067,0.0,0
16096,1,0,0,0,0,0,33,38.0,2.5,1.9,0,1,1.0,0.9994266033172607,1.0,1
16097,1,0,0,0,0,0,38,30.0,1.9,1.99,1,1,1.0,0.9995287656784058,1.0,1
16098,1,0,0,0,0,0,33,33.0,1.8,2.02,1,1,1.0,0.9995181560516357,1.0,1
16099,1,0,0,0,0,0,36,10.0,0.0,1.97,1,1,1.0,0.9838663339614868,1.0,1
16100,2,0,0,0,0,0,10,6.0,0.4,0.46,1,1,1.0,0.9342805743217468,1.0,1
16101,2,0,0,1,0,0,6,9.0,0.6,0.34,1,0,0.0,0.013151170685887337,0.0,0
16102,2,0,0,1,0,0,8,11.0,0.6,0.55,0,0,0.0,0.011945217847824097,0.0,0
16103,2,0,0,0,0,0,12,11.0,0.5,0.58,0,1,1.0,0.998996376991272,1.0,1
16104,2,0,0,0,0,0,10,19.0,0.2,0.38,1,1,1.0,0.9982477426528931,1.0,1
16105,2,0,0,0,0,0,20,13.0,0.6,0.26,1,1,1.0,0.9979122877120972,1.0,1
16106,2,0,0,0,0,0,12,20.0,0.1,0.52,1,1,1.0,0.9429205060005188,1.0,1
16107,2,0,0,0,0,0,20,5.0,0.4,0.1,1,1,1.0,0.9469817876815796,1.0,1
16108,2,0,0,1,0,0,5,51.0,0.0,0.39,1,0,0.0,0.015583215281367302,0.0,0
16109,2,0,0,1,0,0,50,50.0,0.0,0.0,0,0,0.0,0.033664554357528687,0.0,0
16110,2,0,0,0,0,0,48,54.0,0.0,0.0,0,1,0.0,0.5725215673446655,0.0,1
16111,2,0,0,0,0,0,56,53.0,0.0,0.0,0,1,1.0,0.5746799111366272,1.0,1
16112,2,0,0,0,0,0,53,16.0,0.1,0.0,1,1,1.0,0.9793096780776978,1.0,1
16113,2,0,0,0,0,0,16,32.0,0.0,0.09,1,1,1.0,0.9276711940765381,1.0,1
16114,2,0,0,0,0,0,34,21.0,0.0,0.99,1,1,1.0,0.9006624817848206,1.0,1
16115,2,0,0,1,0,0,21,3.0,0.2,0.11,1,0,0.0,0.04576783999800682,0.0,0
16116,2,0,1,1,0,0,3,32.0,1.1,0.22,0,0,0.0,0.008109797723591328,0.0,0
16117,2,0,0,0,0,0,32,28.0,1.7,1.01,0,1,1.0,0.9947081208229065,1.0,1
16118,2,0,0,0,0,0,31,5.0,0.0,1.62,1,1,1.0,0.99744713306427,1.0,1
16119,2,1,0,0,0,0,5,0.0,0.1,0.01,1,1,1.0,0.9989503026008606,1.0,1
16120,2,0,0,0,0,0,0,6.0,0.3,0.15,1,1,1.0,0.9843940734863281,1.0,1
16121,2,0,0,0,0,0,7,61.0,0.0,0.24,1,1,0.0,0.2957092821598053,0.0,0
16122,2,0,0,1,0,0,60,28.0,0.7,0.0,0,0,0.0,0.031159227713942528,0.0,0
16123,2,0,0,1,0,0,27,23.0,1.1,1.31,0,0,0.0,0.021486099809408188,0.0,0
16124,2,0,0,0,0,0,25,30.0,0.0,0.54,0,1,1.0,0.9834890961647034,1.0,1
16125,2,0,0,0,0,0,30,15.0,0.3,1.41,1,1,1.0,0.9933315515518188,1.0,1
16126,2,0,0,0,0,0,15,34.0,3.6,0.09,1,1,1.0,0.9992672204971313,1.0,1
16127,2,0,0,0,0,0,32,25.0,0.1,1.53,1,1,1.0,0.948866069316864,1.0,1
16128,3,0,0,0,0,0,24,31.0,0.8,0.36,1,1,1.0,0.9406124949455261,1.0,1
16129,3,0,0,1,0,0,31,13.0,0.0,1.31,1,0,0.0,0.05532626062631607,0.0,0
16130,3,0,0,1,0,0,12,10.0,0.2,0.07,0,0,0.0,0.03616905212402344,0.0,0
16131,3,0,0,0,0,0,9,15.0,0.2,0.16,0,1,1.0,0.9865502119064331,1.0,1
16132,3,0,0,0,0,0,15,-9.0,0.0,0.18,1,1,1.0,0.9949188828468323,1.0,1
16133,3,0,0,0,0,0,-9,15.0,0.0,0.0,1,1,1.0,0.9870416522026062,1.0,1
16134,3,0,0,0,0,0,14,54.0,0.0,0.0,1,0,0.0,0.4416632056236267,0.0,0
16135,3,0,0,0,0,0,60,61.0,0.0,0.0,0,0,0.0,0.2586526870727539,0.0,0
16136,3,0,0,1,0,0,60,59.0,0.0,0.0,0,0,0.0,0.025179198011755943,0.0,0
16137,3,0,0,1,0,0,60,35.0,0.0,0.0,0,0,0.0,0.042948439717292786,0.0,0
16138,3,0,0,0,0,0,37,34.0,0.0,1.85,0,1,1.0,0.9069511890411377,1.0,1
16139,3,0,0,0,0,0,33,35.0,0.8,0.34,1,1,1.0,0.9853377342224121,1.0,1
16140,3,1,0,0,0,0,34,11.0,0.1,0.7,1,1,1.0,0.9958326816558838,1.0,1
16141,3,0,0,0,0,0,12,0.0,0.0,0.15,1,0,1.0,0.9944416284561157,1.0,1
16142,3,0,0,0,0,0,0,59.0,0.0,0.0,1,1,0.0,0.37331676483154297,0.0,0
16143,3,0,0,1,0,0,60,4.0,0.1,0.0,0,0,0.0,0.04787028580904007,0.0,0
16144,3,0,0,1,0,0,4,56.0,0.0,0.09,0,0,0.0,0.015005787834525108,0.0,0
16145,3,0,0,0,0,0,60,36.0,0.8,0.0,0,1,1.0,0.9686347246170044,1.0,1
16146,3,0,0,0,0,0,33,50.0,0.0,2.51,1,1,1.0,0.8800027370452881,1.0,1
16147,3,0,0,0,0,0,49,44.0,2.3,0.82,1,1,0.0,0.9943982362747192,0.0,1
16148,3,0,0,0,0,1,41,61.0,0.6,2.28,0,1,0.0,0.004777546040713787,0.0,0
16149,3,0,0,0,0,1,57,56.0,0.5,0.65,0,0,0.0,0.0017922429833561182,0.0,0
16150,3,0,0,1,0,1,56,36.0,0.5,0.53,0,0,0.0,7.007401291048154e-05,0.0,0
16151,3,0,0,1,0,1,36,45.0,0.2,0.79,0,0,0.0,0.0001056198452715762,0.0,0
16152,3,0,0,0,0,1,42,42.0,0.8,0.09,0,0,0.0,0.0010562032693997025,0.0,0
16153,3,0,0,0,0,1,40,44.0,0.0,0.64,0,0,0.0,0.00022020851611159742,0.0,0
16154,3,0,0,0,0,1,44,45.0,1.1,1.6,0,0,0.0,0.2789987027645111,0.0,0
16155,3,0,0,0,0,1,46,35.0,0.0,1.1,0,0,1.0,0.2527740001678467,1.0,0
16156,3,0,0,0,0,0,36,46.0,0.1,0.21,1,0,0.0,0.8966425657272339,0.0,1
16157,3,0,0,1,0,0,46,42.0,0.0,0.06,0,0,0.0,0.07850784808397293,0.0,0
16158,3,0,0,1,0,0,43,43.0,0.0,1.2,0,0,1.0,0.10224874317646027,1.0,0
16159,4,0,0,0,1,0,43,50.0,0.8,0.39,1,1,1.0,0.9023818373680115,1.0,1
16160,4,0,0,0,0,0,48,54.0,0.9,0.56,1,1,1.0,0.9731255769729614,1.0,1
16161,4,1,0,0,0,0,56,58.0,4.3,2.31,1,1,1.0,0.9998215436935425,1.0,1
16162,4,0,0,0,0,0,57,48.0,1.1,1.71,1,1,1.0,0.9830952286720276,1.0,1
16163,4,0,0,0,0,0,44,44.0,0.9,0.55,1,1,1.0,0.9438015222549438,1.0,1
16164,4,0,0,1,0,0,44,41.0,0.3,0.94,1,0,0.0,0.02030923031270504,0.0,0
16165,4,0,0,1,0,0,42,45.0,0.2,0.26,0,0,0.0,0.00013349941582418978,0.0,0
16166,4,0,0,0,0,0,47,60.0,0.4,0.18,0,1,1.0,0.8490839004516602,1.0,1
16167,4,0,0,0,0,0,59,52.0,0.0,1.71,1,1,1.0,0.8010035753250122,1.0,1
16168,4,0,0,0,0,0,49,44.0,1.3,0.65,1,1,1.0,0.9862934947013855,1.0,1
16169,4,0,0,0,0,0,40,55.0,1.4,1.25,1,1,1.0,0.9943222999572754,1.0,1
16170,4,0,0,0,0,0,51,50.0,0.8,1.42,1,1,1.0,0.9704384803771973,1.0,1
16171,4,0,0,1,0,0,48,46.0,0.6,0.75,1,0,0.0,0.49792250990867615,0.0,0
16172,4,0,0,1,0,0,43,16.0,0.4,0.61,0,0,0.0,0.6807346343994141,0.0,1
16173,4,0,0,0,0,0,16,35.0,0.4,0.56,0,1,1.0,0.9805606603622437,1.0,1
16174,4,0,0,0,0,0,34,23.0,0.3,0.26,1,1,1.0,0.9858525991439819,1.0,1
16175,4,0,0,0,0,0,25,37.0,0.0,0.25,1,1,1.0,0.9078126549720764,1.0,1
16176,4,0,0,0,0,0,35,31.0,0.4,0.0,1,1,1.0,0.9646585583686829,1.0,1
16177,4,1,0,0,0,0,30,37.0,0.4,0.36,1,1,0.0,0.974443256855011,0.0,1
16178,4,0,0,1,0,1,34,36.0,0.6,0.53,0,0,0.0,0.011719894595444202,0.0,0
16179,4,0,0,1,0,1,35,29.0,0.3,0.63,0,0,0.0,0.00030232215067371726,0.0,0
16180,4,0,0,0,0,1,30,37.0,0.2,0.35,0,0,0.0,0.0007846087100915611,0.0,0
16181,4,0,0,0,0,1,36,36.0,0.3,0.37,0,0,0.0,0.0016704105073586106,0.0,0
16182,4,0,0,0,0,1,36,62.0,0.0,0.37,0,0,0.0,0.00096942821983248,0.0,0
16183,4,0,0,0,0,1,65,76.0,1.0,0.01,0,0,0.0,0.0005370319122448564,0.0,0
16184,4,0,0,0,0,1,76,57.0,1.3,0.8,0,0,0.0,0.3382161557674408,0.0,0
16185,4,0,0,1,0,1,61,62.0,0.0,0.99,0,0,0.0,0.02174801379442215,0.0,0
16186,4,0,0,1,0,1,58,75.0,0.0,0.0,0,0,0.0,0.044300299137830734,0.0,0
16187,4,0,0,0,1,0,78,79.0,0.2,0.0,0,0,0.0,0.38288334012031555,0.0,0
16188,4,0,0,0,0,0,78,75.0,4.0,0.16,0,1,1.0,0.9974938035011292,1.0,1
16189,5,0,0,0,0,0,69,59.0,0.0,1.49,1,0,0.0,0.5296661257743835,0.0,1
16190,5,0,0,0,0,0,58,63.0,0.4,0.18,0,1,1.0,0.6117050647735596,1.0,1
16191,5,0,0,0,0,0,60,77.0,0.0,0.61,1,0,0.0,0.30735671520233154,0.0,0
16192,5,0,0,1,0,0,71,70.0,0.5,0.0,0,0,0.0,0.05536448210477829,0.0,0
16193,5,0,0,1,0,0,71,71.0,0.8,0.49,0,0,0.0,0.02275838330388069,0.0,0
16194,5,0,0,0,0,0,75,54.0,2.3,1.08,0,1,1.0,0.9782221913337708,1.0,1
16195,5,0,0,0,0,0,55,51.0,0.1,0.75,1,1,1.0,0.7309097051620483,1.0,1
16196,5,0,0,0,0,0,49,47.0,0.0,0.05,1,0,0.0,0.7576290369033813,0.0,1
16197,5,0,0,0,0,0,51,57.0,0.4,0.0,0,1,1.0,0.7191940546035767,1.0,1
16198,5,0,0,0,0,0,52,48.0,2.6,0.38,1,1,1.0,0.9855453372001648,1.0,1
16199,5,0,0,1,0,0,51,50.0,0.8,0.92,1,0,0.0,0.26567479968070984,0.0,0
16200,5,0,0,1,1,0,55,66.0,0.0,0.19,0,0,1.0,0.2845551073551178,1.0,0
16201,5,0,0,0,1,0,73,84.0,0.0,2.27,1,0,0.0,0.26936984062194824,0.0,0
16202,5,0,0,0,0,0,77,73.0,0.0,0.05,0,0,0.0,0.24244248867034912,0.0,0
16203,5,0,0,0,0,0,75,60.0,0.1,0.0,0,0,0.0,0.4541107416152954,0.0,0
16204,5,0,0,0,0,0,60,79.0,0.1,0.06,0,1,0.0,0.19113510847091675,0.0,0
16205,5,0,0,0,0,0,75,17.0,0.8,0.06,0,1,1.0,0.9659516215324402,1.0,1
16206,5,0,0,1,0,0,19,34.0,0.2,0.6,1,0,0.0,0.00020241274614818394,0.0,0
16207,5,0,0,1,0,0,32,18.0,0.6,0.21,0,0,0.0,1.0440222467877902e-05,0.0,0
16208,5,0,0,0,0,0,18,27.0,0.1,0.54,0,1,1.0,0.951143741607666,1.0,1
16209,5,0,0,0,0,0,26,27.0,0.4,0.19,1,1,1.0,0.9857484698295593,1.0,1
16210,5,1,0,0,0,0,29,33.0,0.1,0.33,1,1,1.0,0.981054425239563,1.0,1
16211,5,0,0,0,0,0,30,33.0,0.3,0.1,1,1,1.0,0.9666820168495178,1.0,1
16212,5,0,0,0,0,0,31,23.0,0.3,0.31,1,1,1.0,0.9573260545730591,1.0,1
16213,5,0,0,1,0,0,25,30.0,0.1,0.35,1,0,1.0,0.4580624997615814,1.0,0
16214,5,0,1,1,1,0,32,38.0,0.9,0.09,1,0,0.0,0.5060484409332275,0.0,1
16215,5,0,0,0,0,0,35,23.0,0.1,0.66,0,1,1.0,0.9750106930732727,1.0,1
16216,5,0,0,0,0,0,25,29.0,0.2,0.18,1,1,1.0,0.9891325831413269,1.0,1
16217,5,0,0,0,0,0,31,25.0,0.2,0.19,1,1,1.0,0.988395094871521,1.0,1
16218,5,0,0,0,0,0,24,25.0,0.5,0.2,1,1,1.0,0.9876894950866699,1.0,1
16219,5,0,0,0,0,0,27,35.0,0.7,0.61,1,1,1.0,0.9898793697357178,1.0,1
16220,6,0,0,1,0,0,32,23.0,0.5,0.73,1,0,0.0,0.00012186103413114324,0.0,0
16221,6,0,0,1,0,0,25,28.0,2.3,0.4,0,0,0.0,0.007358340546488762,0.0,0
16222,6,0,0,0,0,0,30,27.0,1.1,1.19,0,1,1.0,0.9942446947097778,1.0,1
16223,6,0,0,0,0,0,27,38.0,1.0,0.87,1,1,1.0,0.9925425052642822,1.0,1
16224,6,0,0,0,0,0,35,35.0,0.3,0.38,1,1,1.0,0.9665389657020569,1.0,1
16225,6,0,0,0,0,0,35,30.0,0.5,0.2,1,1,1.0,0.9738950133323669,1.0,1
16226,6,0,0,0,0,0,31,34.0,0.2,0.39,1,1,1.0,0.9086673259735107,1.0,1
16227,6,0,0,1,0,0,35,35.0,0.2,0.36,1,0,1.0,0.12926024198532104,1.0,0
16228,6,0,0,1,1,0,34,37.0,0.1,0.29,1,0,1.0,0.5037376880645752,1.0,1
16229,6,1,0,0,1,0,35,33.0,0.4,0.18,1,1,1.0,0.9667288661003113,1.0,1
16230,6,0,0,0,0,0,32,42.0,2.3,0.4,1,1,1.0,0.9989612102508545,1.0,1
16231,6,0,0,0,0,0,39,37.0,1.0,1.03,1,1,1.0,0.9971732497215271,1.0,1
16232,6,0,0,0,0,0,36,37.0,0.7,0.92,1,1,1.0,0.9917857050895691,1.0,1
16233,6,0,0,0,0,0,36,41.0,0.7,0.63,1,1,1.0,0.9891176223754883,1.0,1
16234,6,0,0,1,0,0,38,65.0,0.0,0.68,1,0,0.0,1.8618691683514044e-05,0.0,0
16235,6,0,0,1,0,0,59,60.0,0.0,0.03,0,0,0.0,0.0003547823871485889,0.0,0
16236,6,0,0,0,0,0,59,56.0,0.0,0.01,0,1,0.0,0.5084378123283386,0.0,1
16237,6,0,1,0,0,0,57,54.0,0.0,0.01,0,0,1.0,0.1471039205789566,1.0,0
16238,6,0,0,0,1,0,55,60.0,0.0,0.05,1,1,0.0,0.742393970489502,0.0,1
16239,6,0,0,0,0,0,56,21.0,0.1,0.03,0,1,1.0,0.9901970624923706,1.0,1
16240,6,0,0,0,0,0,21,16.0,0.1,0.11,1,1,1.0,0.9928902387619019,1.0,1
16241,6,0,0,1,0,0,18,25.0,0.2,0.1,1,0,0.0,0.5165236592292786,0.0,1
16242,6,0,0,1,0,0,27,35.0,0.5,0.22,0,0,0.0,0.5048494338989258,0.0,1
16243,6,0,0,0,0,0,36,39.0,0.5,0.46,0,1,1.0,0.9526270031929016,1.0,1
16244,6,0,0,0,0,0,37,32.0,0.5,0.46,1,1,1.0,0.9753152132034302,1.0,1
16245,6,1,0,0,0,0,34,28.0,0.3,0.4,1,1,1.0,0.9954127669334412,1.0,1
16246,6,0,0,0,0,0,31,26.0,0.4,0.39,1,1,1.0,0.9826089143753052,1.0,1
16247,6,0,0,0,0,0,29,30.0,0.2,0.51,1,1,1.0,0.8986241221427917,1.0,1
16248,6,0,0,1,0,0,28,28.0,0.1,0.18,1,0,1.0,0.3155409097671509,1.0,0
16249,6,0,0,1,1,0,26,29.0,0.1,0.11,1,0,1.0,0.6308443546295166,1.0,1
16250,7,0,0,0,1,0,27,27.0,0.5,0.18,1,1,1.0,0.9882394671440125,1.0,1
16251,7,0,0,0,0,0,27,26.0,0.4,0.4,1,1,1.0,0.9917280673980713,1.0,1
16252,7,0,1,0,0,0,26,26.0,0.2,0.26,1,1,1.0,0.22849810123443604,1.0,0
16253,7,0,0,0,1,0,27,24.0,0.4,0.2,1,1,1.0,0.9275104403495789,1.0,1
16254,7,0,0,0,0,0,23,36.0,0.6,0.49,1,1,1.0,0.9911635518074036,1.0,1
16255,7,0,0,1,0,0,33,28.0,0.5,0.43,1,0,0.0,2.015040081460029e-05,0.0,0
16256,7,0,0,1,0,0,27,26.0,1.0,0.57,0,0,0.0,9.422691073268652e-05,0.0,0
16257,7,0,0,0,0,0,25,18.0,0.5,0.89,0,1,1.0,0.986592710018158,1.0,1
16258,7,0,0,0,0,0,19,28.0,1.2,0.79,1,1,1.0,0.9982663989067078,1.0,1
16259,7,0,0,0,0,0,30,27.0,0.8,1.07,1,1,1.0,0.998733639717102,1.0,1
16260,7,0,0,0,0,0,26,27.0,0.8,0.79,1,1,1.0,0.9962602257728577,1.0,1
16261,7,0,0,0,0,0,26,44.0,0.0,0.79,1,1,1.0,0.6945173740386963,1.0,1
16262,7,1,0,1,0,0,47,51.0,0.0,0.0,1,0,1.0,0.44578930735588074,1.0,0
16263,7,0,0,1,1,0,49,59.0,0.0,0.0,1,0,0.0,0.49381476640701294,0.0,0
16264,7,0,0,0,1,0,56,51.0,0.0,0.02,0,1,1.0,0.7050172090530396,1.0,1
16265,7,0,0,0,0,0,54,55.0,0.0,0.0,1,1,1.0,0.7902688384056091,1.0,1
16266,7,0,0,0,0,0,52,54.0,0.0,0.04,1,1,1.0,0.8894591331481934,1.0,1
16267,7,0,0,0,0,0,50,45.0,0.0,0.0,1,1,1.0,0.9572655558586121,1.0,1
16268,7,0,0,0,0,0,47,38.0,0.8,0.0,1,1,1.0,0.9888294339179993,1.0,1
16269,7,0,0,1,0,0,35,33.0,0.2,0.61,1,0,0.0,0.0003024602774530649,0.0,0
16270,7,0,0,1,0,0,34,30.0,0.4,0.28,0,0,0.0,2.9096259822836146e-05,0.0,0
16271,7,0,0,0,0,0,33,35.0,0.3,0.33,0,1,1.0,0.9656081795692444,1.0,1
16272,7,0,0,0,0,0,36,36.0,0.3,0.22,1,1,1.0,0.9924153685569763,1.0,1
16273,7,0,0,0,0,0,39,33.0,0.6,0.28,1,1,1.0,0.9974633455276489,1.0,1
16274,7,0,0,0,0,0,30,34.0,0.4,0.46,1,1,1.0,0.9797821044921875,1.0,1
16275,7,0,0,0,0,0,37,27.0,0.2,0.33,1,1,1.0,0.9416654706001282,1.0,1
16276,7,0,0,1,0,0,25,16.0,0.1,0.11,1,0,0.0,0.6059347987174988,0.0,1
16277,7,0,0,1,0,0,15,24.0,0.0,0.1,0,0,1.0,0.5590997934341431,1.0,1
16278,7,0,0,0,1,0,22,17.0,0.0,0.03,1,1,1.0,0.9570974111557007,1.0,1
16279,7,0,0,0,0,0,18,21.0,0.0,0.01,1,1,1.0,0.9885644912719727,1.0,1
16280,7,0,0,0,0,0,22,25.0,0.3,0.04,1,1,1.0,0.992129385471344,1.0,1
16281,8,0,0,0,0,0,24,24.0,0.0,0.32,1,1,1.0,0.9426736235618591,1.0,1
16282,8,0,0,0,0,0,25,20.0,0.2,0.03,1,1,1.0,0.9477736353874207,1.0,1
16283,8,0,0,1,0,0,19,20.0,0.4,0.29,1,0,0.0,0.2948504686355591,0.0,0
16284,8,0,0,1,0,0,22,20.0,0.0,0.42,0,0,0.0,3.4656190109672025e-05,0.0,0
16285,8,0,0,0,0,0,21,19.0,0.4,0.03,0,1,1.0,0.9687402248382568,1.0,1
16286,8,0,0,0,0,0,20,35.0,0.6,0.55,1,1,1.0,0.991218626499176,1.0,1
16287,8,0,0,0,0,0,32,31.0,2.2,0.67,1,1,1.0,0.9992614388465881,1.0,1
16288,8,1,0,0,0,0,32,30.0,0.4,1.04,1,1,1.0,0.9964815378189087,1.0,1
16289,8,0,0,0,0,0,30,28.0,0.6,0.6,1,1,1.0,0.9635437726974487,1.0,1
16290,8,0,0,1,0,0,29,30.0,1.0,0.57,1,0,1.0,0.5087597370147705,1.0,1
16291,8,0,0,1,1,0,32,30.0,0.0,0.9,1,0,0.0,0.6975556015968323,0.0,1
16292,8,0,0,0,0,0,30,32.0,0.3,0.35,0,1,1.0,0.9825476408004761,1.0,1
16293,8,0,0,0,0,0,34,28.0,0.5,0.28,1,1,1.0,0.9967697858810425,1.0,1
16294,8,0,0,0,0,0,26,25.0,0.7,0.5,1,1,1.0,0.9947300553321838,1.0,1
16295,8,0,0,0,0,0,24,26.0,0.2,0.56,1,1,1.0,0.9608034491539001,1.0,1
16296,8,0,0,0,0,0,25,44.0,0.5,0.28,1,1,1.0,0.8959106802940369,1.0,1
16297,8,0,0,1,0,0,46,41.0,0.9,0.82,1,0,0.0,0.002696807263419032,0.0,0
16298,8,0,0,1,0,0,40,30.0,0.6,1.03,0,0,0.0,0.023276597261428833,0.0,0
16299,8,0,0,0,0,0,33,26.0,0.2,0.18,0,1,1.0,0.9755635857582092,1.0,1
16300,8,0,0,0,0,0,24,24.0,0.2,0.28,1,1,1.0,0.9897596836090088,1.0,1
16301,8,0,0,0,0,0,24,9.0,0.4,0.14,1,1,1.0,0.9974371790885925,1.0,1
16302,8,0,0,0,0,0,10,33.0,0.6,0.55,1,1,1.0,0.9861792922019958,1.0,1
16303,8,1,0,0,0,0,36,36.0,0.7,0.51,1,1,1.0,0.9883361458778381,1.0,1
16304,8,0,0,1,0,0,36,38.0,0.3,0.49,1,0,1.0,0.3960903286933899,1.0,0
16305,8,0,0,1,1,0,39,37.0,0.1,0.33,1,0,1.0,0.5364559888839722,1.0,1
16306,8,0,0,0,1,0,37,42.0,0.1,0.1,1,1,1.0,0.9126482009887695,1.0,1
16307,8,0,0,0,0,0,42,31.0,0.1,0.12,1,1,1.0,0.9860831499099731,1.0,1
16308,8,0,0,0,0,0,29,23.0,0.0,0.12,1,1,1.0,0.9935569167137146,1.0,1
16309,8,0,0,0,0,0,25,31.0,0.4,0.03,1,1,1.0,0.9735577702522278,1.0,1
16310,8,0,0,0,0,0,30,25.0,0.2,0.31,1,1,1.0,0.9693882465362549,1.0,1
16311,8,0,0,1,0,0,25,33.0,0.8,0.14,1,0,0.0,1.0152768481930252e-05,0.0,0
16312,9,0,1,1,0,0,34,39.0,0.5,0.6,0,0,0.0,9.206412869389169e-06,0.0,0
16313,9,0,0,0,0,0,39,30.0,0.2,0.52,0,1,1.0,0.9490833878517151,1.0,1
16314,9,0,0,0,0,0,31,31.0,0.1,0.14,1,1,1.0,0.9926860332489014,1.0,1
16315,9,0,0,0,0,0,28,42.0,0.0,0.11,1,1,1.0,0.9612066745758057,1.0,1
16316,9,0,0,0,0,0,46,53.0,0.5,0.0,1,1,1.0,0.9198247790336609,1.0,1
16317,9,0,0,0,0,0,50,49.0,0.0,0.69,1,1,0.0,0.7431727647781372,0.0,1
16318,9,0,0,1,0,0,47,39.0,0.1,0.01,0,0,0.0,0.44132164120674133,0.0,0
16319,9,0,0,1,0,0,43,43.0,0.1,0.08,0,0,0.0,0.47293326258659363,0.0,0
16320,9,0,0,0,1,0,44,46.0,0.2,0.13,0,1,1.0,0.705724835395813,1.0,1
16321,9,0,0,0,0,0,45,48.0,0.3,0.23,1,1,1.0,0.9036745429039001,1.0,1
16322,9,0,0,0,0,0,48,23.0,0.1,0.27,1,1,1.0,0.9632885456085205,1.0,1
16323,9,0,0,0,0,0,21,21.0,0.0,1.23,1,1,1.0,0.9677667617797852,1.0,1
16324,9,0,0,0,0,0,20,24.0,0.5,0.06,1,1,1.0,0.966590940952301,1.0,1
16325,9,0,0,1,0,0,25,21.0,0.5,0.63,1,0,0.0,0.13035793602466583,0.0,0
16326,9,0,0,1,0,0,22,18.0,0.3,0.47,0,0,0.0,3.6297398764872923e-05,0.0,0
16327,9,0,0,0,0,0,20,31.0,0.2,0.44,0,1,1.0,0.9307650327682495,1.0,1
16328,9,0,0,0,0,0,30,30.0,0.1,0.12,1,1,1.0,0.9596372842788696,1.0,1
16329,9,0,0,0,0,0,32,33.0,0.2,0.06,1,1,1.0,0.9602993130683899,1.0,1
16330,9,0,0,0,0,0,32,28.0,0.2,0.24,1,1,1.0,0.9494291543960571,1.0,1
16331,9,0,0,0,0,0,29,28.0,0.1,0.19,1,1,1.0,0.8963015079498291,1.0,1
16332,9,0,0,1,0,0,29,25.0,0.1,0.08,1,0,1.0,0.4761347472667694,1.0,0
16333,9,0,0,1,1,0,26,31.0,0.1,0.1,1,0,1.0,0.6921098232269287,1.0,1
16334,9,0,0,0,1,0,29,44.0,0.1,0.09,1,1,0.0,0.9172312617301941,0.0,1
16335,9,0,0,0,0,0,40,38.0,0.1,0.16,0,1,0.0,0.9262035489082336,0.0,1
16336,9,0,0,0,0,0,41,34.0,0.1,0.13,0,1,1.0,0.8527811169624329,1.0,1
16337,9,0,0,0,0,0,37,40.0,0.3,0.05,1,1,1.0,0.8887197971343994,1.0,1
16338,9,0,0,0,0,0,41,40.0,9.2,0.25,1,1,1.0,0.9995740056037903,1.0,1
16339,9,0,0,1,0,0,41,13.0,0.8,3.17,1,0,0.0,0.0015599776525050402,0.0,0
16340,9,0,0,1,0,0,12,39.0,0.4,0.44,0,0,0.0,2.0801058781216852e-05,0.0,0
16341,9,0,0,0,0,0,36,36.0,1.8,0.67,0,1,1.0,0.9792346954345703,1.0,1
16342,10,1,0,0,0,0,36,32.0,0.8,1.09,1,1,1.0,0.9986401796340942,1.0,1
16343,10,0,0,0,0,0,32,37.0,1.6,0.77,1,1,1.0,0.9988460540771484,1.0,1
16344,10,0,0,0,0,0,38,25.0,0.0,1.52,1,1,1.0,0.9533029794692993,1.0,1
16345,10,0,0,0,0,0,25,38.0,1.1,0.15,1,1,1.0,0.9697504043579102,1.0,1
16346,10,0,0,1,0,0,37,30.0,0.0,0.97,1,0,0.0,0.5102509260177612,0.0,1
16347,10,0,0,1,0,0,32,29.0,0.2,0.21,0,0,0.0,0.5831802487373352,0.0,1
16348,10,0,0,0,0,0,31,32.0,0.1,0.39,0,1,1.0,0.9004573822021484,1.0,1
16349,10,0,0,0,0,0,32,36.0,0.4,0.13,1,1,1.0,0.9754603505134583,1.0,1
16350,10,0,0,0,0,0,36,35.0,0.0,0.39,1,1,1.0,0.9257298111915588,1.0,1
16351,10,0,0,0,0,0,32,29.0,0.0,0.01,1,1,1.0,0.9445741176605225,1.0,1
16352,10,0,0,0,0,0,31,29.0,0.0,0.04,1,0,1.0,0.9578765034675598,1.0,1
16353,10,0,0,1,0,0,30,74.0,0.0,0.01,1,0,0.0,0.20586243271827698,0.0,0
16354,10,0,1,1,0,0,80,31.0,0.9,1.16,0,0,0.0,0.03675081953406334,0.0,0
16355,10,0,0,0,0,0,33,45.0,0.0,0.42,0,1,1.0,0.704079270362854,1.0,1
16356,10,0,0,0,0,0,48,55.0,0.1,0.0,1,1,1.0,0.8531562089920044,1.0,1
16357,10,0,0,0,0,0,54,53.0,0.2,0.06,1,1,1.0,0.8875545263290405,1.0,1
16358,10,0,0,0,0,0,51,50.0,0.0,0.24,1,1,1.0,0.751444935798645,1.0,1
16359,10,0,0,0,0,0,48,23.0,3.3,0.0,1,1,1.0,0.9965068697929382,1.0,1
16360,10,0,0,1,0,0,22,23.0,0.6,1.28,1,0,0.0,0.04895010590553284,0.0,0
16361,10,0,0,1,0,0,25,25.0,0.9,0.63,0,0,0.0,0.020338548347353935,0.0,0
16362,10,0,0,0,0,0,24,20.0,0.0,0.93,0,1,1.0,0.9557133913040161,1.0,1
16363,10,0,0,0,0,0,22,28.0,2.5,0.35,1,1,1.0,0.9986239075660706,1.0,1
16364,10,0,0,0,0,0,28,40.0,0.2,1.23,1,1,1.0,0.9504156708717346,1.0,1
16365,10,0,0,0,0,0,42,48.0,0.0,0.89,1,1,0.0,0.7057095766067505,0.0,1
16366,10,0,0,0,0,0,47,41.0,0.6,0.02,0,1,0.0,0.8131386637687683,0.0,1
16367,10,0,0,1,0,0,39,44.0,1.1,0.53,0,0,0.0,0.109126977622509,0.0,0
16368,10,0,0,1,0,0,41,43.0,0.9,0.78,0,0,0.0,0.08158279210329056,0.0,0
16369,10,0,0,0,0,0,43,47.0,2.2,0.64,0,1,1.0,0.9850174784660339,1.0,1
16370,10,0,0,0,0,0,45,41.0,2.1,2.18,1,1,1.0,0.997576117515564,1.0,1
16371,10,0,0,0,0,0,44,40.0,0.7,2.17,1,1,1.0,0.972191333770752,1.0,1
16372,10,1,0,0,0,0,43,50.0,0.0,0.74,1,1,1.0,0.7222609519958496,1.0,1
16373,11,0,0,0,0,0,48,38.0,0.1,0.0,1,0,1.0,0.7938879132270813,1.0,1
16374,11,0,0,1,0,0,41,57.0,0.0,0.09,1,0,0.0,0.11972909420728683,0.0,0
16375,11,0,0,1,0,0,58,61.0,0.0,0.05,0,0,0.0,0.051279064267873764,0.0,0
16376,11,0,0,0,0,0,57,61.0,0.0,0.01,0,0,0.0,0.41069933772087097,0.0,0
16377,11,0,0,0,0,0,60,72.0,0.1,0.05,0,1,0.0,0.36247143149375916,0.0,0
16378,11,0,0,0,0,0,66,50.0,0.1,0.06,0,0,1.0,0.6447213292121887,1.0,1
16379,11,0,0,0,0,0,46,62.0,0.2,0.15,1,0,0.0,0.6034555435180664,0.0,1
16380,11,0,0,0,0,0,58,67.0,0.1,0.12,0,1,0.0,0.2739929258823395,0.0,0
16381,11,0,0,1,0,0,61,38.0,0.2,0.04,0,0,0.0,0.07353529334068298,0.0,0
16382,11,0,1,1,0,0,38,52.0,0.0,0.17,0,0,0.0,0.027245210483670235,0.0,0
16383,11,0,0,0,0,0,52,48.0,0.1,0.01,0,1,1.0,0.7290064692497253,1.0,1
16384,11,0,0,0,0,0,51,55.0,0.1,0.05,1,1,1.0,0.8133176565170288,1.0,1
16385,11,0,0,0,0,0,55,48.0,0.4,0.07,1,1,1.0,0.8958722949028015,1.0,1
16386,11,0,0,0,0,0,48,52.0,0.0,0.47,1,0,0.0,0.5866097211837769,0.0,1
16387,11,0,0,0,0,0,51,65.0,0.1,0.02,0,0,0.0,0.314454048871994,0.0,0
16388,11,0,0,1,0,0,61,57.0,0.1,0.08,0,0,0.0,0.035725343972444534,0.0,0
16389,11,0,0,1,0,0,62,44.0,0.1,0.11,0,0,0.0,0.04168021306395531,0.0,0
16390,11,0,0,0,0,0,45,46.0,0.0,0.06,0,1,0.0,0.5635011196136475,0.0,1
16391,11,0,0,0,0,0,48,49.0,0.0,0.0,0,1,0.0,0.4839496910572052,0.0,0
16392,11,0,0,0,0,0,51,54.0,0.0,0.0,0,0,0.0,0.3904833197593689,0.0,0
16393,11,0,0,0,0,0,58,63.0,0.1,0.01,0,1,0.0,0.3010155260562897,0.0,0
16394,11,0,0,0,0,0,60,54.0,0.2,0.16,0,1,1.0,0.48423901200294495,1.0,0
16395,11,0,0,1,0,0,53,48.0,0.0,0.14,1,0,0.0,0.10084633529186249,0.0,0
16396,11,0,0,1,0,0,46,27.0,0.0,0.01,0,0,0.0,0.05560757964849472,0.0,0
16397,11,0,0,0,0,0,30,40.0,0.3,0.86,0,1,1.0,0.8129427433013916,1.0,1
16398,11,0,0,0,0,0,41,27.0,0.1,0.48,1,1,1.0,0.9313533306121826,1.0,1
16399,11,0,1,0,0,0,28,39.0,1.0,0.13,1,1,0.0,0.24612799286842346,0.0,0
16400,11,0,0,0,0,0,38,43.0,0.2,0.77,0,1,0.0,0.7940709590911865,0.0,1
16401,11,0,0,0,0,0,43,38.0,0.6,0.22,0,1,1.0,0.9231935739517212,1.0,1
16402,11,0,0,1,0,0,39,43.0,0.4,0.43,1,0,0.0,0.08358307182788849,0.0,0
16403,12,0,0,1,0,0,41,36.0,0.6,0.48,0,0,0.0,0.023473776876926422,0.0,0
16404,12,0,0,0,0,0,40,41.0,0.4,0.48,0,1,1.0,0.8275250792503357,1.0,1
16405,12,0,0,0,0,0,39,25.0,1.3,0.54,1,1,1.0,0.9930835366249084,1.0,1
16406,12,1,0,0,0,0,24,27.0,0.1,0.93,1,1,1.0,0.9914119243621826,1.0,1
16407,12,0,0,0,0,0,26,36.0,6.0,0.09,1,1,1.0,0.9990833401679993,1.0,1
16408,12,0,0,0,0,0,35,37.0,1.3,2.27,1,1,1.0,0.979794442653656,1.0,1
16409,12,0,0,1,0,0,38,41.0,2.0,2.71,1,0,0.0,0.017179155722260475,0.0,0
16410,12,0,0,1,0,0,39,25.0,0.7,1.8,0,0,0.0,0.003106901654973626,0.0,0
16411,12,0,0,0,0,0,27,28.0,0.2,0.72,0,1,1.0,0.9205455183982849,1.0,1
16412,12,0,0,0,0,0,26,36.0,0.9,0.26,1,1,1.0,0.9871976971626282,1.0,1
16413,12,0,0,0,0,0,37,38.0,0.5,0.79,1,1,1.0,0.9629020690917969,1.0,1
16414,12,0,0,0,0,0,38,38.0,0.8,0.42,1,1,1.0,0.9553833603858948,1.0,1
16415,12,0,0,0,0,0,37,37.0,0.8,0.63,1,1,1.0,0.9617017507553101,1.0,1
16416,12,0,0,1,0,0,37,27.0,0.8,0.62,1,0,0.0,0.07100323587656021,0.0,0
16417,12,0,0,1,0,0,26,29.0,1.0,0.8,0,0,0.0,0.0524553507566452,0.0,0
16418,12,0,0,0,0,0,30,26.0,0.3,0.95,0,1,1.0,0.9373767375946045,1.0,1
16419,12,0,0,0,0,0,26,29.0,0.4,0.45,1,1,1.0,0.974112331867218,1.0,1
16420,12,0,0,0,0,0,28,28.0,0.4,0.34,1,1,1.0,0.9789340496063232,1.0,1
16421,12,0,0,0,0,0,27,35.0,0.0,0.39,1,1,1.0,0.8745487332344055,1.0,1
16422,12,0,0,0,0,0,34,20.0,0.4,0.04,1,1,1.0,0.9629567861557007,1.0,1
16423,12,0,0,1,0,0,19,28.0,0.5,0.33,1,0,0.0,0.13110291957855225,0.0,0
16424,12,0,0,1,0,0,27,19.0,0.3,0.36,0,0,0.0,0.03516191244125366,0.0,0
16425,12,0,0,0,0,0,18,51.0,0.4,0.3,0,1,1.0,0.8290560245513916,1.0,1
16426,12,0,1,0,0,0,54,55.0,2.4,0.51,1,1,0.0,0.30686065554618835,0.0,0
16427,12,0,0,0,0,0,52,59.0,2.2,1.57,0,1,1.0,0.9813772439956665,1.0,1
16428,12,0,0,0,0,0,62,56.0,0.6,1.72,1,1,1.0,0.9115403890609741,1.0,1
16429,12,1,0,0,0,0,58,20.0,0.6,0.62,1,1,1.0,0.9936125874519348,1.0,1
16430,12,0,0,1,0,0,20,40.0,0.7,0.52,1,0,0.0,0.06750322878360748,0.0,0
16431,12,0,0,1,0,0,37,28.0,0.0,1.03,0,0,0.0,0.013444865122437477,0.0,0
16432,12,0,0,0,0,0,28,5.0,0.0,0.48,0,1,1.0,0.968701183795929,1.0,1
16433,12,0,1,0,0,0,6,34.0,1.2,1.06,1,1,0.0,0.24582645297050476,0.0,0
16434,1,0,0,0,0,0,36,28.0,0.7,1.0,0,1,1.0,0.9979628324508667,1.0,1
16435,1,0,0,0,0,0,30,9.0,0.1,0.77,1,1,1.0,0.9973298907279968,1.0,1
16436,1,0,0,0,0,0,9,5.0,1.6,0.11,1,1,1.0,0.9990975260734558,1.0,1
16437,1,0,0,1,0,0,5,5.0,0.3,1.12,1,0,0.0,0.02394414320588112,0.0,0
16438,1,0,0,1,0,0,5,55.0,0.0,0.11,0,0,0.0,0.0031388599891215563,0.0,0
16439,1,0,0,0,0,0,60,30.0,0.1,0.0,0,1,1.0,0.9691265225410461,1.0,1
16440,1,0,0,0,0,0,32,26.0,0.6,0.11,1,1,1.0,0.997302234172821,1.0,1
16441,1,0,0,0,0,0,24,35.0,0.6,0.51,1,1,1.0,0.9931395053863525,1.0,1
16442,1,0,0,0,0,0,33,19.0,0.1,0.86,1,1,1.0,0.9465961456298828,1.0,1
16443,1,0,0,0,0,0,20,33.0,1.7,0.08,1,1,1.0,0.9840772151947021,1.0,1
16444,1,0,0,1,0,0,36,33.0,0.1,1.54,1,0,0.0,0.023251080885529518,0.0,0
16445,1,0,0,1,0,0,30,29.0,0.0,0.24,0,0,0.0,0.014193960465490818,0.0,0
16446,1,0,0,0,0,0,32,13.0,0.4,0.03,0,1,1.0,0.9838395118713379,1.0,1
16447,1,0,0,0,0,0,12,16.0,1.0,0.63,1,1,1.0,0.997416615486145,1.0,1
16448,1,0,0,0,0,0,15,18.0,0.8,0.74,1,1,1.0,0.9942998886108398,1.0,1
16449,1,0,0,0,0,0,18,-1.0,0.0,0.57,1,1,1.0,0.9838032722473145,1.0,1
16450,1,0,0,0,0,0,-1,20.0,0.2,0.0,1,0,1.0,0.9234444499015808,1.0,1
16451,1,0,0,1,0,0,18,58.0,0.0,0.22,1,0,0.0,0.009011659771203995,0.0,0
16452,1,0,1,1,0,0,60,59.0,0.0,0.0,0,0,0.0,0.005029685795307159,0.0,0
16453,1,0,0,0,0,0,60,61.0,0.0,0.0,0,1,0.0,0.36655354499816895,0.0,0
16454,1,0,0,0,0,0,60,40.0,0.3,0.0,0,1,1.0,0.9401662349700928,1.0,1
16455,1,1,0,0,0,0,38,38.0,0.0,1.5,1,1,1.0,0.981938898563385,1.0,1
16456,1,0,0,0,0,0,36,37.0,4.2,0.22,1,1,1.0,0.9994450807571411,1.0,1
16457,1,0,0,0,0,0,35,13.0,1.0,1.36,1,1,1.0,0.9960060715675354,1.0,1
16458,1,0,0,1,0,0,13,10.0,0.0,0.37,1,0,0.0,0.0205195602029562,0.0,0
16459,1,0,0,1,0,0,10,57.0,0.0,0.0,0,0,0.0,0.00714492704719305,0.0,0
16460,1,0,0,0,0,0,60,0.0,0.1,0.0,0,0,1.0,0.9912745356559753,1.0,1
16461,1,0,0,0,0,0,0,61.0,0.0,0.17,1,1,0.0,0.7343853712081909,0.0,1
16462,1,0,0,0,0,0,60,34.0,1.9,0.0,0,1,1.0,0.9938365817070007,1.0,1
16463,1,0,0,0,0,0,32,52.0,0.4,1.4,1,1,1.0,0.9118285179138184,1.0,1
16464,1,0,0,0,0,0,48,41.0,0.2,0.07,1,0,1.0,0.8237660527229309,1.0,1
16465,2,0,0,1,0,0,41,56.0,0.3,0.31,1,0,0.0,0.044820573180913925,0.0,0
16466,2,0,0,1,0,0,57,53.0,0.5,0.2,0,0,0.0,0.050207171589136124,0.0,0
16467,2,0,0,0,0,0,56,34.0,0.1,0.35,0,1,1.0,0.9363075494766235,1.0,1
16468,2,0,0,0,0,0,36,46.0,0.0,0.17,1,1,1.0,0.84067302942276,1.0,1
16469,2,0,0,0,0,0,48,45.0,0.0,0.02,1,1,1.0,0.8091312646865845,1.0,1
16470,2,1,0,0,0,0,46,45.0,0.2,0.06,1,1,1.0,0.9638649225234985,1.0,1
16471,2,0,0,0,0,0,50,51.0,1.1,0.31,1,1,1.0,0.9638547301292419,1.0,1
16472,2,0,0,1,0,0,47,33.0,0.0,0.91,1,0,0.0,0.03267144039273262,0.0,0
16473,2,0,0,1,0,0,35,44.0,0.0,0.0,0,0,0.0,0.025923360139131546,0.0,0
16474,2,0,0,0,0,0,45,47.0,0.0,0.0,0,1,1.0,0.8601312637329102,1.0,1
16475,2,0,0,0,0,0,44,45.0,0.1,0.02,1,1,1.0,0.9712138772010803,1.0,1
16476,2,0,0,0,0,0,44,51.0,0.0,0.09,1,0,1.0,0.848235011100769,1.0,1
16477,2,0,0,0,0,0,48,57.0,0.4,0.0,1,1,1.0,0.8516933917999268,1.0,1
16478,2,0,0,0,0,0,59,55.0,0.3,0.5,1,1,1.0,0.7325118780136108,1.0,1
16479,2,0,0,1,0,0,60,46.0,0.0,0.27,1,0,0.0,0.05283702164888382,0.0,0
16480,2,0,1,1,0,0,45,48.0,0.0,0.0,0,0,0.0,0.01409502699971199,0.0,0
16481,2,0,0,0,0,0,44,45.0,0.0,0.0,0,1,1.0,0.9162038564682007,1.0,1
16482,2,0,0,0,0,0,43,50.0,0.0,0.01,1,0,1.0,0.963455855846405,1.0,1
16483,2,0,0,0,0,0,51,56.0,0.9,0.0,1,1,1.0,0.9823969006538391,1.0,1
16484,2,0,0,0,0,0,59,50.0,0.2,1.19,1,1,1.0,0.839259147644043,1.0,1
16485,2,0,0,0,0,0,48,42.0,3.0,0.0,1,1,1.0,0.9948486685752869,1.0,1
16486,2,0,0,1,0,0,43,49.0,0.6,0.92,1,0,0.0,0.02562909759581089,0.0,0
16487,2,0,0,1,0,0,52,51.0,0.0,0.2,0,0,0.0,0.019538957625627518,0.0,0
16488,2,0,0,0,0,0,51,41.0,0.1,0.03,0,1,0.0,0.8781920671463013,0.0,1
16489,2,0,0,0,0,0,43,7.0,0.1,0.09,0,1,1.0,0.9885538220405579,1.0,1
16490,2,0,0,0,0,0,6,37.0,0.0,0.11,1,1,1.0,0.925504744052887,1.0,1
16491,2,0,0,0,0,0,34,17.0,0.0,0.0,1,1,1.0,0.9533553123474121,1.0,1
16492,2,0,0,0,0,0,16,36.0,0.0,0.0,1,1,1.0,0.773475706577301,1.0,1
16493,3,0,0,1,0,0,34,31.0,0.0,0.0,1,0,0.0,0.033688344061374664,0.0,0
16494,3,0,0,1,0,0,29,35.0,0.0,0.01,0,0,0.0,0.029972771182656288,0.0,0
16495,3,0,0,0,0,0,36,43.0,0.6,0.0,0,1,1.0,0.9597794413566589,1.0,1
16496,3,0,0,0,0,0,40,34.0,0.5,0.68,1,1,1.0,0.9870678782463074,1.0,1
16497,3,0,0,0,0,0,34,44.0,0.4,0.49,1,1,1.0,0.953438401222229,1.0,1
16498,3,0,0,0,0,0,40,41.0,0.3,0.32,1,1,0.0,0.8986241817474365,0.0,1
16499,3,0,0,0,0,0,40,64.0,0.1,0.32,0,0,0.0,0.2630874812602997,0.0,0
16500,3,0,0,1,0,0,64,75.0,0.0,0.06,0,0,0.0,0.02140660211443901,0.0,0
16501,3,0,0,1,0,0,72,57.0,0.1,0.0,0,0,0.0,0.04704864323139191,0.0,0
16502,3,0,0,0,0,0,63,62.0,0.2,0.06,0,0,0.0,0.5064982175827026,0.0,1
16503,3,0,0,0,0,0,60,70.0,0.3,0.21,0,1,1.0,0.46614253520965576,1.0,0
16504,3,0,0,0,0,0,75,79.0,0.0,1.17,1,0,0.0,0.2663532495498657,0.0,0
16505,3,0,0,0,0,0,74,71.0,0.0,0.0,0,0,0.0,0.24300862848758698,0.0,0
16506,3,0,0,0,0,0,67,62.0,0.6,0.06,0,1,1.0,0.7515320181846619,1.0,1
16507,3,0,0,1,0,0,63,65.0,0.2,0.48,1,0,0.0,0.04729463905096054,0.0,0
16508,3,0,0,1,0,0,60,71.0,0.0,0.16,0,0,0.0,0.036609966307878494,0.0,0
16509,3,0,0,0,0,0,68,68.0,0.2,0.02,0,0,1.0,0.3772619962692261,1.0,0
16510,3,1,0,0,0,0,68,71.0,0.0,0.26,1,0,0.0,0.4761512875556946,0.0,0
16511,3,0,0,0,0,0,70,56.0,0.0,0.03,0,1,0.0,0.6745823621749878,0.0,1
16512,3,0,0,0,0,0,57,54.0,0.4,0.03,0,1,1.0,0.7940545678138733,1.0,1
16513,3,0,0,0,0,0,51,48.0,0.8,0.32,1,1,1.0,0.9611451625823975,1.0,1
16514,3,0,0,1,0,0,52,51.0,0.0,0.8,1,0,0.0,0.08297880738973618,0.0,0
16515,3,0,0,1,0,0,53,59.0,0.4,0.04,0,0,0.0,0.08288954943418503,0.0,0
16516,3,0,0,0,0,0,55,61.0,0.1,0.42,0,0,0.0,0.47927120327949524,0.0,0
16517,3,0,0,0,0,0,57,70.0,0.0,0.15,0,0,1.0,0.2942120134830475,1.0,0
16518,3,0,0,0,0,0,71,80.0,0.2,1.1,1,0,0.0,0.41613081097602844,0.0,0
16519,3,0,0,0,0,0,75,78.0,0.0,0.07,0,0,1.0,0.21074849367141724,1.0,0
16520,3,0,0,0,0,0,74,73.0,2.8,2.79,1,1,1.0,0.9921509623527527,1.0,1
16521,3,0,0,1,0,0,75,70.0,0.1,1.2,1,0,0.0,0.0657845064997673,0.0,0
16522,3,0,0,1,0,0,73,15.0,0.0,0.21,0,0,0.0,0.13770833611488342,0.0,0
16523,3,0,0,0,0,0,16,31.0,0.2,0.03,0,1,1.0,0.9635239243507385,1.0,1
16524,4,0,0,0,0,0,31,14.0,0.0,0.27,1,1,1.0,0.9847276210784912,1.0,1
16525,4,0,0,0,0,0,13,30.0,0.3,0.01,1,1,1.0,0.9785976409912109,1.0,1
16526,4,0,0,0,0,0,32,35.0,0.2,0.23,1,1,1.0,0.9190649390220642,1.0,1
16527,4,0,0,0,0,0,34,35.0,0.5,0.17,1,1,1.0,0.890705406665802,1.0,1
16528,4,0,0,1,0,0,35,39.0,0.3,0.44,1,0,0.0,0.0730125904083252,0.0,0
16529,4,0,0,1,0,0,37,31.0,0.1,0.28,0,0,0.0,0.05224129557609558,0.0,0
16530,4,0,0,0,0,0,31,41.0,0.2,0.13,0,1,1.0,0.9074498414993286,1.0,1
16531,4,0,0,0,0,0,38,45.0,2.7,0.22,1,1,1.0,0.9981205463409424,1.0,1
16532,4,0,0,0,0,0,42,38.0,0.9,1.02,1,1,1.0,0.9924190044403076,1.0,1
16533,4,0,0,0,0,0,36,37.0,0.0,0.86,1,1,1.0,0.8473376035690308,1.0,1
16534,4,0,0,0,0,0,39,30.0,0.4,0.11,1,1,1.0,0.8944226503372192,1.0,1
16535,4,0,0,1,0,0,33,29.0,0.0,0.35,1,0,0.0,0.05009698495268822,0.0,0
16536,4,1,0,1,0,0,30,38.0,0.0,0.0,0,0,0.0,0.04742833971977234,0.0,0
16537,4,0,0,0,0,0,35,28.0,0.1,0.0,0,1,1.0,0.9436026811599731,1.0,1
16538,4,0,0,0,0,0,26,34.0,0.0,0.08,1,1,1.0,0.9742393493652344,1.0,1
16539,4,0,0,0,0,0,32,26.0,0.0,0.0,1,1,1.0,0.9902006983757019,1.0,1
16540,4,0,0,0,0,0,29,35.0,0.0,0.0,1,1,1.0,0.971680223941803,1.0,1
16541,4,0,0,0,0,0,36,36.0,0.0,0.0,1,1,1.0,0.9523909091949463,1.0,1
16542,4,0,0,1,0,0,36,33.0,0.0,0.0,1,0,0.0,0.07413925975561142,0.0,0
16543,4,0,0,1,0,0,34,36.0,0.0,0.0,0,0,0.0,0.04728749766945839,0.0,0
16544,4,0,0,0,0,0,37,37.0,0.0,0.0,0,1,1.0,0.8670735359191895,1.0,1
16545,4,0,0,0,0,0,37,41.0,0.0,0.0,1,1,1.0,0.9607415199279785,1.0,1
16546,4,0,0,0,0,0,39,41.0,1.6,0.0,1,1,1.0,0.9992237091064453,1.0,1
16547,4,0,0,0,0,0,41,43.0,1.7,0.83,1,1,1.0,0.999181866645813,1.0,1
16548,4,0,0,0,0,0,44,40.0,1.4,1.39,1,1,1.0,0.993837833404541,1.0,1
16549,4,0,0,1,0,0,43,47.0,0.7,1.47,1,0,1.0,0.04026971384882927,1.0,0
16550,4,0,0,1,1,0,45,45.0,1.6,0.64,1,0,0.0,0.7460557222366333,0.0,1
16551,4,0,0,0,0,0,45,58.0,3.4,1.61,0,1,1.0,0.9984786510467529,1.0,1
16552,4,0,0,0,0,0,63,62.0,3.1,3.27,1,1,1.0,0.999467670917511,1.0,1
16553,4,0,0,0,0,0,64,62.0,2.5,3.21,1,1,1.0,0.998207688331604,1.0,1
16554,5,0,0,0,0,0,65,62.0,0.6,2.58,1,1,0.0,0.7126456499099731,0.0,1
16555,5,0,0,0,0,0,60,66.0,0.0,0.24,0,1,1.0,0.22019168734550476,1.0,0
16556,5,0,0,1,0,0,63,27.0,4.7,2.94,1,0,0.0,0.06487243622541428,0.0,0
16557,5,0,0,1,0,0,27,20.0,2.0,1.73,0,0,0.0,0.031951479613780975,0.0,0
16558,5,0,0,0,0,0,20,30.0,2.2,1.89,0,1,1.0,0.9960794448852539,1.0,1
16559,5,0,0,0,0,0,31,40.0,0.4,2.1,1,1,1.0,0.9711290001869202,1.0,1
16560,5,0,0,0,0,0,41,45.0,0.2,0.31,1,1,1.0,0.87154221534729,1.0,1
16561,5,0,0,0,0,0,42,35.0,1.2,0.17,1,1,1.0,0.978982150554657,1.0,1
16562,5,0,0,0,0,0,38,35.0,0.4,1.24,1,1,1.0,0.921377956867218,1.0,1
16563,5,0,0,1,0,0,35,32.0,1.3,0.95,1,0,0.0,0.36086663603782654,0.0,0
16564,5,0,0,1,0,0,31,32.0,0.8,1.19,0,0,1.0,0.0829954594373703,1.0,0
16565,5,0,0,0,1,0,30,36.0,0.7,0.77,1,1,1.0,0.9456720352172852,1.0,1
16566,5,0,0,0,0,0,37,33.0,0.2,0.71,1,1,1.0,0.980802059173584,1.0,1
16567,5,0,0,0,0,0,34,31.0,0.3,0.13,1,1,1.0,0.9853475093841553,1.0,1
16568,5,0,0,0,0,0,33,26.0,0.5,0.22,1,1,1.0,0.9631887674331665,1.0,1
16569,5,0,0,0,0,0,28,34.0,0.1,0.45,1,1,1.0,0.8381466269493103,1.0,1
16570,5,0,0,1,0,0,34,19.0,0.2,0.18,1,0,0.0,0.06617455929517746,0.0,0
16571,5,0,0,1,0,0,20,32.0,0.3,0.26,0,0,0.0,0.00019767144112847745,0.0,0
16572,5,0,0,0,0,0,34,28.0,2.6,0.25,0,1,1.0,0.9972938299179077,1.0,1
16573,5,0,0,0,0,0,26,18.0,0.1,1.09,1,1,1.0,0.9907160997390747,1.0,1
16574,5,0,0,0,0,0,17,10.0,0.4,0.27,1,1,1.0,0.9968621134757996,1.0,1
16575,5,0,0,0,0,0,10,25.0,0.0,0.62,1,1,1.0,0.9603319764137268,1.0,1
16576,5,0,0,0,0,0,26,21.0,0.0,0.0,1,1,1.0,0.8943682312965393,1.0,1
16577,5,0,0,1,0,0,23,24.0,0.0,0.0,1,0,0.0,0.3508509695529938,0.0,0
16578,5,0,1,1,0,0,23,53.0,0.2,0.02,0,0,0.0,0.28225061297416687,0.0,0
16579,5,0,0,0,0,0,55,55.0,0.7,0.8,0,1,1.0,0.8923732042312622,1.0,1
16580,5,0,0,0,0,0,55,65.0,2.4,0.75,1,1,1.0,0.9960959553718567,1.0,1
16581,5,0,0,0,0,0,63,61.0,3.3,2.21,1,1,1.0,0.9993966817855835,1.0,1
16582,5,0,0,0,0,0,61,54.0,1.3,3.03,1,1,1.0,0.9874858856201172,1.0,1
16583,5,0,0,0,0,0,59,60.0,1.1,1.2,1,1,1.0,0.9053552746772766,1.0,1
16584,5,0,0,1,0,0,59,52.0,0.7,1.14,1,0,0.0,0.21927829086780548,0.0,0
16585,6,0,0,1,1,0,53,45.0,1.5,0.63,0,0,1.0,0.7139694690704346,1.0,1
16586,6,0,0,0,1,0,42,42.0,0.1,1.45,1,1,0.0,0.8470720052719116,0.0,1
16587,6,0,0,0,0,0,40,34.0,0.0,0.17,0,1,1.0,0.8638166785240173,1.0,1
16588,6,0,0,0,0,0,38,41.0,0.4,0.0,1,1,1.0,0.9384998083114624,1.0,1
16589,6,0,0,0,0,0,41,45.0,0.1,0.39,1,1,0.0,0.7871860265731812,0.0,1
16590,6,0,0,0,0,0,42,39.0,0.0,0.07,0,1,1.0,0.6146118640899658,1.0,1
16591,6,0,0,1,0,0,36,46.0,0.6,0.0,1,0,0.0,0.0003168532275594771,0.0,0
16592,6,0,0,1,0,0,43,25.0,0.3,0.44,0,0,0.0,2.2637635993305594e-05,0.0,0
16593,6,0,0,0,0,0,26,13.0,0.0,0.25,0,1,1.0,0.9523104429244995,1.0,1
16594,6,0,0,0,0,0,13,25.0,0.0,0.0,1,1,1.0,0.966985285282135,1.0,1
16595,6,0,0,0,0,0,23,17.0,0.0,0.0,1,1,1.0,0.9858617782592773,1.0,1
16596,6,0,0,0,0,0,17,17.0,0.0,0.0,1,1,1.0,0.9757992625236511,1.0,1
16597,6,0,0,0,0,0,18,26.0,0.0,0.0,1,1,1.0,0.8980634212493896,1.0,1
16598,6,0,0,1,0,0,26,25.0,0.0,0.0,1,0,0.0,0.492023229598999,0.0,0
16599,6,0,0,1,0,0,23,19.0,0.0,0.0,0,0,0.0,0.5423876047134399,0.0,1
16600,6,0,0,0,0,0,21,21.0,0.3,0.0,0,1,1.0,0.9716631174087524,1.0,1
16601,6,0,0,0,0,0,20,19.0,0.0,0.22,1,1,1.0,0.984451413154602,1.0,1
16602,6,0,1,0,0,0,20,19.0,0.0,0.01,1,1,1.0,0.25048792362213135,1.0,0
16603,6,0,0,0,1,0,19,35.0,0.0,0.03,1,1,1.0,0.8306922912597656,1.0,1
16604,6,0,0,0,0,0,34,36.0,0.0,0.0,1,1,1.0,0.9158773422241211,1.0,1
16605,6,0,0,1,0,0,33,30.0,0.0,0.0,1,0,0.0,0.2533048391342163,0.0,0
16606,6,0,0,1,0,0,31,36.0,0.0,0.0,0,0,0.0,0.07497622072696686,0.0,0
16607,6,0,0,0,0,0,33,33.0,0.0,0.0,0,1,1.0,0.9161897301673889,1.0,1
16608,6,0,0,0,0,0,34,29.0,0.0,0.0,1,1,1.0,0.9757233262062073,1.0,1
16609,6,0,0,0,0,0,29,31.0,0.0,0.01,1,1,1.0,0.9752200245857239,1.0,1
16610,6,0,0,0,0,0,30,27.0,0.0,0.0,1,1,1.0,0.9516079425811768,1.0,1
16611,6,0,0,0,0,0,27,21.0,0.0,0.0,1,1,1.0,0.9045569896697998,1.0,1
16612,6,0,0,1,0,0,19,19.0,0.0,0.0,1,0,1.0,0.10655616223812103,1.0,0
16613,6,0,0,1,1,0,19,48.0,0.0,0.0,1,0,0.0,0.44384029507637024,0.0,0
16614,6,0,0,0,0,0,45,44.0,0.0,0.01,0,1,1.0,0.8386551141738892,1.0,1
16615,7,0,0,0,0,0,42,35.0,0.0,0.01,1,1,1.0,0.9568045735359192,1.0,1
16616,7,0,0,0,0,0,34,17.0,0.0,0.0,1,1,1.0,0.9845572113990784,1.0,1
16617,7,0,1,0,0,0,18,31.0,0.7,0.0,1,1,0.0,0.20457090437412262,0.0,0
16618,7,0,0,0,0,0,31,12.0,3.7,0.79,0,1,1.0,0.9909979104995728,1.0,1
16619,7,0,0,1,0,0,11,37.0,0.0,2.71,1,0,0.0,0.001603514887392521,0.0,0
16620,7,0,0,1,0,0,40,39.0,0.4,0.2,0,0,0.0,0.01586342602968216,0.0,0
16621,7,0,0,0,0,0,39,38.0,0.0,0.37,0,1,1.0,0.86214679479599,1.0,1
16622,7,0,0,0,0,0,36,41.0,0.0,0.03,1,1,1.0,0.9156549572944641,1.0,1
16623,7,1,0,0,0,0,39,43.0,0.0,0.0,1,1,1.0,0.9852163791656494,1.0,1
16624,7,0,0,0,0,0,42,33.0,0.3,0.0,1,1,1.0,0.9719773530960083,1.0,1
16625,7,0,0,0,0,0,31,30.0,0.2,0.23,1,1,1.0,0.9533998370170593,1.0,1
16626,7,0,0,1,0,0,29,37.0,0.4,0.37,1,0,1.0,0.4594748616218567,1.0,0
16627,7,0,0,1,1,0,34,31.0,0.9,0.65,1,0,0.0,0.8213216066360474,0.0,1
16628,7,0,0,0,0,0,29,34.0,0.6,0.69,0,1,1.0,0.9931724071502686,1.0,1
16629,7,0,0,0,0,0,38,39.0,0.3,0.67,1,1,1.0,0.9784678816795349,1.0,1
16630,7,0,0,0,0,0,42,36.0,0.1,0.48,1,1,1.0,0.9064238667488098,1.0,1
16631,7,0,0,0,0,0,35,34.0,0.4,0.22,1,1,1.0,0.963910698890686,1.0,1
16632,7,0,0,0,0,0,32,46.0,0.2,0.43,1,0,1.0,0.9110148549079895,1.0,1
16633,7,0,0,1,0,0,45,56.0,0.5,0.19,1,0,0.0,0.0018817918607965112,0.0,0
16634,7,0,0,1,0,0,57,50.0,2.3,0.62,0,0,0.0,0.05159151926636696,0.0,0
16635,7,0,0,0,0,0,49,45.0,0.4,1.08,0,1,1.0,0.9694416522979736,1.0,1
16636,7,0,0,0,0,0,46,47.0,0.2,0.18,1,1,1.0,0.9139217138290405,1.0,1
16637,7,0,0,0,0,0,46,47.0,0.5,0.25,1,1,0.0,0.9762002229690552,0.0,1
16638,7,0,0,0,0,0,48,52.0,0.6,0.4,0,1,1.0,0.9023592472076416,1.0,1
16639,7,0,0,0,0,0,51,15.0,0.5,0.83,1,1,1.0,0.9746507406234741,1.0,1
16640,7,0,0,1,0,0,16,22.0,0.0,0.17,1,0,1.0,0.40617355704307556,1.0,0
16641,7,0,0,1,1,0,21,21.0,0.1,0.04,1,0,1.0,0.6705252528190613,1.0,1
16642,7,0,0,0,1,0,21,16.0,0.3,0.14,1,1,1.0,0.973572850227356,1.0,1
16643,7,0,0,0,0,0,15,15.0,0.1,0.27,1,1,1.0,0.991953432559967,1.0,1
16644,7,0,0,0,0,0,15,38.0,0.5,0.12,1,1,1.0,0.9836220741271973,1.0,1
16645,7,0,0,0,0,0,37,39.0,0.8,0.56,1,1,0.0,0.9727264642715454,0.0,1
16646,8,0,0,0,0,0,39,43.0,0.3,0.68,0,1,1.0,0.7601938843727112,1.0,1
16647,8,0,0,1,0,0,42,42.0,0.3,0.33,1,0,0.0,0.00022786181943956763,0.0,0
16648,8,0,0,1,0,0,39,41.0,0.8,0.54,0,0,0.0,4.510314465733245e-05,0.0,0
16649,8,0,0,0,0,0,37,37.0,0.9,0.61,0,1,1.0,0.9647339582443237,1.0,1
16650,8,0,0,0,0,0,35,34.0,0.9,0.77,1,1,1.0,0.9915653467178345,1.0,1
16651,8,0,0,0,0,0,36,39.0,0.2,0.97,1,1,0.0,0.9662079215049744,0.0,1
16652,8,0,0,0,0,0,39,46.0,0.0,0.0,0,1,0.0,0.6548495888710022,0.0,1
16653,8,0,0,0,0,0,45,41.0,0.0,0.0,0,1,1.0,0.6580895781517029,1.0,1
16654,8,0,0,1,0,0,40,47.0,0.0,0.0,1,0,1.0,0.40469393134117126,1.0,0
16655,8,1,0,1,1,0,46,42.0,0.0,0.0,1,0,0.0,0.5856038331985474,0.0,1
16656,8,0,0,0,0,0,42,9.0,0.5,1.58,0,1,1.0,0.9846442341804504,1.0,1
16657,8,0,0,0,0,0,9,42.0,0.2,0.09,1,1,1.0,0.9448330998420715,1.0,1
16658,8,0,0,0,0,0,38,34.0,0.0,0.21,1,1,1.0,0.9625793695449829,1.0,1
16659,8,0,0,0,0,0,35,35.0,0.1,0.03,1,1,1.0,0.9749966859817505,1.0,1
16660,8,0,0,0,0,0,34,35.0,0.4,0.19,1,1,1.0,0.9881506562232971,1.0,1
16661,8,0,0,1,0,0,37,25.0,0.0,0.48,1,0,0.0,0.10177045315504074,0.0,0
16662,8,0,0,1,0,0,27,37.0,0.6,0.0,0,0,0.0,0.049147993326187134,0.0,0
16663,8,0,0,0,0,0,37,34.0,0.4,0.62,0,1,1.0,0.938679039478302,1.0,1
16664,8,0,0,0,0,0,36,39.0,0.4,0.35,1,1,1.0,0.986603319644928,1.0,1
16665,8,0,0,0,0,0,37,42.0,0.3,0.47,1,1,1.0,0.9903440475463867,1.0,1
16666,8,0,0,0,0,0,38,45.0,0.2,0.24,1,1,1.0,0.9499096274375916,1.0,1
16667,8,0,0,0,0,0,41,39.0,0.3,0.22,1,1,1.0,0.9080752730369568,1.0,1
16668,8,0,0,1,0,0,38,38.0,0.1,0.39,1,0,1.0,0.3979088366031647,1.0,0
16669,8,0,0,1,1,0,36,37.0,0.3,0.16,1,0,1.0,0.633978009223938,1.0,1
16670,8,0,0,0,1,0,36,82.0,0.2,0.26,1,1,0.0,0.4700915515422821,0.0,0
16671,8,0,0,0,0,0,79,34.0,2.8,0.19,0,1,1.0,0.9953442215919495,1.0,1
16672,8,0,0,0,0,0,37,52.0,0.0,1.11,1,0,1.0,0.7400309443473816,1.0,1
16673,8,0,0,0,0,0,50,59.0,0.4,0.35,1,1,0.0,0.7942127585411072,0.0,1
16674,8,0,0,0,0,0,56,53.0,0.3,0.37,0,1,1.0,0.6934517621994019,1.0,1
16675,8,0,0,1,0,0,52,52.0,2.6,0.23,1,0,0.0,8.917212835513055e-05,0.0,0
16676,8,0,1,1,0,0,49,20.0,0.2,1.19,0,0,0.0,7.465219368896214e-06,0.0,0
16677,9,1,0,0,0,0,21,24.0,0.0,0.01,0,1,1.0,0.9660359621047974,1.0,1
16678,9,0,0,0,0,0,24,24.0,0.1,0.0,1,1,1.0,0.9913123250007629,1.0,1
16679,9,0,0,0,0,0,22,21.0,0.0,0.07,1,1,1.0,0.984819769859314,1.0,1
16680,9,0,0,0,0,0,23,29.0,0.0,0.02,1,1,1.0,0.9473308324813843,1.0,1
16681,9,0,0,0,0,0,27,39.0,2.4,0.0,1,1,1.0,0.9974331259727478,1.0,1
16682,9,0,0,1,0,0,42,47.0,0.0,1.16,1,0,0.0,0.397103488445282,0.0,0
16683,9,0,0,1,0,0,47,46.0,1.7,0.84,0,0,0.0,0.5858244299888611,0.0,1
16684,9,0,0,0,0,0,46,39.0,1.1,1.78,0,1,1.0,0.9779152870178223,1.0,1
16685,9,0,0,0,0,0,43,44.0,1.5,1.09,1,1,1.0,0.9942454099655151,1.0,1
16686,9,0,0,0,0,0,46,49.0,0.9,1.45,1,1,1.0,0.9867612719535828,1.0,1
16687,9,0,0,0,0,0,51,54.0,1.1,0.84,1,1,1.0,0.9874404668807983,1.0,1
16688,9,0,0,0,0,0,50,48.0,1.0,1.22,1,1,1.0,0.981456458568573,1.0,1
16689,9,0,0,1,0,0,46,52.0,0.0,1.08,1,0,0.0,0.21185936033725739,0.0,0
16690,9,0,0,1,0,0,54,44.0,0.0,0.0,0,0,1.0,0.10120132565498352,1.0,0
16691,9,0,0,0,1,0,41,64.0,0.0,0.0,1,0,0.0,0.48898401856422424,0.0,0
16692,9,0,0,0,0,0,65,66.0,0.0,0.0,0,0,0.0,0.33909299969673157,0.0,0
16693,9,0,0,0,0,0,65,62.0,0.0,0.0,0,0,1.0,0.3808507025241852,1.0,0
16694,9,0,0,0,0,0,66,80.0,0.1,3.5,1,1,0.0,0.42062631249427795,0.0,0
16695,9,0,0,0,0,0,73,49.0,0.0,0.15,0,0,0.0,0.4989642798900604,0.0,0
16696,9,0,0,1,0,0,47,69.0,0.1,0.0,0,0,0.0,0.01814201846718788,0.0,0
16697,9,0,0,1,0,0,65,74.0,0.1,0.07,0,0,0.0,0.0014724539360031486,0.0,0
16698,9,0,0,0,0,0,69,42.0,0.0,0.11,0,0,1.0,0.6297368407249451,1.0,1
